id,filename
1,111111
2,222222
3,333333
4,444444
5,555555
6,666666
7,777777
8,888888
9,999999
10,1111110
11,1222221
12,1333332
13,1444443
14,1555554
15,1666665
16,1777776
17,1888887
18,1999998
19,2111109
20,2222220
21,2333331
22,2444442
23,2555553
24,2666664
25,2777775
26,2888886
27,2999997
28,3111108
29,3222219
30,3333330
31,3444441
32,3555552
33,3666663
34,3777774
35,3888885
36,3999996
37,4111107
38,4222218
39,4333329
40,4444440
41,4555551
42,4666662
43,4777773
44,4888884
45,4999995
46,5111106
47,5222217
48,5333328
49,5444439
50,5555550
51,5666661
52,5777772
53,5888883
54,5999994
55,6111105
56,6222216
57,6333327
58,6444438
59,6555549
60,6666660
61,6777771
62,6888882
63,6999993
64,7111104
65,7222215
66,7333326
67,7444437
68,7555548
69,7666659
70,7777770
71,7888881
72,7999992
73,8111103
74,8222214
75,8333325
76,8444436
77,8555547
78,8666658
79,8777769
80,8888880
81,8999991
82,9111102
83,9222213
84,9333324
85,9444435
86,9555546
87,9666657
88,9777768
89,9888879
90,9999990
91,10111101
92,10222212
93,10333323
94,10444434
95,10555545
96,10666656
97,10777767
98,10888878
99,10999989
100,11111100
