id,filename,unit,from_time,to_time
4001,111111,ju0r'i4j,0.0,0.37546485260770973
4002,111111,tr'i0fa4na4f,0.37546485260770973,1.107437641723356
4003,222222,a1bm'e0n,0.0,0.6035374149659863
4004,333333,v,0.0,0.056643990929705214
4005,333333,y1ju0l'i4,0.056643990929705214,0.5772335600907029
4006,333333,ma0d',0.5772335600907029,0.9689795918367347
4007,333333,dm'i0tr'i4 ji4va4,0.9689795918367347,1.5629931972789115
4008,333333,ks'e0n'i4 ja4,1.5629931972789115,2.0114739229024945
4009,333333,f'o0da4ra4vna4,2.0114739229024945,2.592108843537415
4010,333333,t'i1zhy1lo0,2.592108843537415,3.034829931972789
4011,333333,za2ba1l'e0la4,3.034829931972789,3.6648526077097507
4012,333333,,3.6648526077097507,3.9783673469387755
4013,333333,i1 j,3.9783673469387755,4.135374149659864
4014,333333,i1jo0,4.135374149659864,4.362721088435374
4015,333333,a1tv'i1zl'i0,4.362721088435374,4.801179138321995
4016,333333,v,4.801179138321995,4.865306122448979
4017,333333,bo0tk'i4nsku4 ju4,4.865306122448979,5.715419501133787
4018,333333,,5.715419501133787,5.844172335600907
4019,333333,gd'e0,5.844172335600907,6.0436281179138325
4020,333333,a1na0,6.0436281179138325,6.226666666666667
4021,333333,pra2l'i1zha0la4,6.226666666666667,6.792879818594105
4022,333333,dv'i1na0ca4d',6.792879818594105,7.455147392290249
4023,333333,dn'e0j,7.455147392290249,7.864444444444445
4024,333333,,7.864444444444445,8.105759637188209
4025,333333,s,8.105759637188209,8.200589569160998
4026,333333,pa2da1zr'e0n'i4 ji4m,8.200589569160998,8.903945578231292
4027,333333,na1,8.903945578231292,9.047210884353742
4028,333333,sa0ma4 ji4,9.047210884353742,9.44095238095238
4029,333333,hu0tshy4j i4,9.44095238095238,10.03061224489796
4030,444444,f,0.0,0.03800453514739229
4031,444444,s'i1n't'i1br'e0,0.03800453514739229,0.49578231292517005
4032,444444,zd'e0la4l'i4,0.49578231292517005,0.9055328798185941
4033,444444,a1p'i1ra0cy4 ju4,0.9055328798185941,1.6256235827664398
4034,444444,,1.6256235827664398,1.7317460317460318
4035,444444,hu0tshy4 ji4,1.7317460317460318,2.162267573696145
4036,444444,pa2tv'i1rd'i0la4s',2.162267573696145,2.9272108843537414
4037,444444,,2.9272108843537414,3.2924716553287983
4038,444444,no1,3.2924716553287983,3.476780045351474
4039,444444,ks'e0n'i4 ja4,3.476780045351474,3.9349206349206347
4040,444444,f'o0da4ra4vna4,3.9349206349206347,4.474829931972789
4041,444444,sci1ta0fsha4 ja4,4.474829931972789,5.043038548752834
4042,444444,shto1,5.043038548752834,5.218730158730159
4043,444444,u1,5.218730158730159,5.272607709750567
4044,444444,n'i1jo0,5.272607709750567,5.516371882086168
4045,444444,ja0zv'i4na4 ja4,5.516371882086168,6.173650793650793
4046,444444,ba1l'e0z'n',6.173650793650793,6.70984126984127
4047,444444,,6.70984126984127,6.982721088435374
4048,444444,pa1chu0stva4va4la4,6.982721088435374,7.711927437641723
4049,444444,u1lu1chshe0n'i4 ji4,7.711927437641723,8.51437641723356
4050,444444,,8.51437641723356,8.845396825396826
4051,444444,sta0la4,8.845396825396826,9.163854875283446
4052,444444,fsko0r'i4,9.163854875283446,9.520544217687075
4053,444444,ha1d'i0t',9.520544217687075,10.043628117913832
4054,444444,,10.043628117913832,10.26344671201814
4055,444444,i1,10.26344671201814,10.415691609977324
4056,444444,v,10.415691609977324,10.450566893424035
4057,444444,a1kt'i1br'e0,10.450566893424035,10.94095238095238
4058,444444,j i1jo0,10.94095238095238,11.231746031746031
4059,444444,a1tpra0v'i4l'i4,11.231746031746031,11.722312925170067
4060,444444,da1mo0j,11.722312925170067,12.212834467120182
4061,444444,,12.212834467120182,12.483492063492063
4062,444444,pa2pa1ln'e0fshu4j u4,12.483492063492063,13.392517006802722
4063,444444,i1,13.392517006802722,13.61687074829932
4064,444444,tv'o0rda4,13.61687074829932,13.993968253968253
4065,444444,u1v'e0r'i4nu4j u4,13.993968253968253,14.58734693877551
4066,444444,f,14.58734693877551,14.660589569160997
4067,444444,to0m,14.660589569160997,14.915464852607709
4068,444444,shto1,14.915464852607709,15.13891156462585
4069,444444,d'e0la4,15.13891156462585,15.511700680272108
4070,444444,i1d'o0t,15.511700680272108,15.857732426303855
4071,444444,na2,15.857732426303855,15.943990929705215
4072,444444,pa1pra0fku4,15.943990929705215,16.70530612244898
4073,555555,vo0t,0.0,0.23678004535147393
4074,555555,y0m'i4na4,0.23678004535147393,0.6537868480725624
4075,555555,ta1gda0,0.6537868480725624,1.1765079365079365
4076,555555,ka1gda0,1.1765079365079365,1.4878004535147393
4077,555555,ks'e0n'i4 ja4,1.4878004535147393,1.949297052154195
4078,555555,f'o0da4ra4vna4,1.949297052154195,2.5248072562358277
4079,555555,v'i1rnu0la4s',2.5248072562358277,3.0313832199546487
4080,555555,i1z,3.0313832199546487,3.1561451247165535
4081,555555,ba1l'n'i0cy4,3.1561451247165535,3.8770068027210884
4082,555555,,3.8770068027210884,4.212426303854875
4083,555555,zhy1na0,4.212426303854875,4.548616780045352
4084,555555,dm'i0tr'i4 ji4va4,4.548616780045352,5.133378684807257
4085,555555,za1t'e0 ji4la4,5.133378684807257,5.664671201814059
4086,555555,a1bm'e0n,5.664671201814059,6.354467120181406
4087,555555,,6.354467120181406,6.685941043083901
4088,555555,r'i1shy0la4,6.685941043083901,7.115192743764172
4089,555555,sro0chna4,7.115192743764172,7.637142857142857
4090,555555,sji1zha0ca4,7.637142857142857,8.275147392290249
4091,555555,sa2,8.275147392290249,8.437596371882087
4092,555555,sv'i1kro0v'ju4,8.437596371882087,9.101451247165533
4093,555555,,9.101451247165533,9.305034013605443
4094,555555,zhy0fshy4 j,9.305034013605443,9.779455782312926
4095,555555,a1d'i1no0ka4,9.779455782312926,10.339818594104308
4096,555555,f,10.339818594104308,10.413650793650794
4097,555555,ha1ro0shy4j,10.413650793650794,11.023628117913832
4098,555555,dva2ca2t'i1m'i1tro0va4 j,11.023628117913832,11.969433106575964
4099,555555,ko0mna4t'i4,11.969433106575964,12.52172335600907
4100,555555,na2,12.52172335600907,12.7021768707483
4101,555555,pra2fsa1ju0zna4 j,12.7021768707483,13.44095238095238
4102,555555,u0l'i4cy4,13.44095238095238,13.941133786848072
4103,666666,ra2zga1vo0ry4,0.0,0.5134693877551021
4104,666666,a1,0.5134693877551021,0.6015873015873016
4105,666666,to0m,0.6015873015873016,0.8090249433106576
4106,666666,shto0by4,0.8090249433106576,1.0786848072562358
4107,666666,sa2 ji1d'i1n'i0ca4,1.0786848072562358,1.767891156462585
4108,666666,s,1.767891156462585,1.854875283446712
4109,666666,ma0t'i4r'ju4,1.854875283446712,2.399909297052154
4110,666666,dm'i0tr'i4 ji4f,2.399909297052154,3.0416780045351475
4111,666666,na2chi1na0l,3.0416780045351475,3.4659410430839004
4112,666666,y1,3.4659410430839004,3.540362811791383
4113,666666,sa0m,3.540362811791383,3.9964172335600905
4114,666666,,3.9964172335600905,4.242721088435374
4115,666666,d'e0la4l,4.242721088435374,4.673832199546485
4116,666666,e0ta4,4.673832199546485,4.91687074829932
4117,666666,n'i1,4.91687074829932,5.070793650793651
4118,666666,ra0s,5.070793650793651,5.429206349206349
4119,777777,no1,0.0,0.13886621315192743
4120,777777,to0,0.13886621315192743,0.28598639455782315
4121,777777,by0la4,0.28598639455782315,0.5226303854875284
4122,777777,da1vno0,0.5226303854875284,1.1027210884353742
4123,777777,,1.1027210884353742,1.220907029478458
4124,777777,va2,1.220907029478458,1.3857596371882086
4125,777777,vr'i1m'i1na0,1.3857596371882086,1.8488888888888888
4126,777777,ka1gda0,1.8488888888888888,2.1756916099773242
4127,777777,a1tna1she0n'i4j a4,2.1756916099773242,2.866439909297052
4128,777777,l'e0ny4,2.866439909297052,3.21827664399093
4129,777777,s,3.21827664399093,3.283764172335601
4130,777777,ks'e0n'i4 ji4 j,3.283764172335601,3.7710204081632654
4131,777777,f'o0da4ra4vna4 j,3.7710204081632654,4.4452607709750565
4132,777777,,4.4452607709750565,4.763174603174603
4133,777777,ji1sco0,4.763174603174603,5.149659863945578
4134,777777,n'i1,5.149659863945578,5.281496598639456
4135,777777,a1chi1ka0n'i4l'i4s',5.281496598639456,6.100861678004535
4136,777777,,6.100861678004535,6.156598639455782
4137,777777,f,6.156598639455782,6.300045351473923
4138,777777,fo0rmy4,6.300045351473923,6.73374149659864
4139,777777,ta1ko0 j,6.73374149659864,7.049297052154195
4140,777777,a1ka2s't'i1n'e0fshy4 j,7.049297052154195,7.978458049886621
4141,777777,i1,7.978458049886621,8.167301587301587
4142,777777,pro0chna4 j,8.167301587301587,8.750748299319728
4143,777777,vra1zhdy0,8.750748299319728,9.354603174603175
4144,777777,,9.354603174603175,9.762176870748299
4145,777777,shto1,9.762176870748299,9.972018140589569
4146,777777,pra2i1za1shlo0,9.972018140589569,10.540680272108844
4147,777777,t'i1p'e0r',10.540680272108844,11.0659410430839
4148,777777,,11.0659410430839,11.328253968253968
4149,777777,po0sl'i4,11.328253968253968,11.684671201814059
4150,777777,chi1ty0rna4ca4t'i4,11.684671201814059,12.47891156462585
4151,777777,l'e0t,12.47891156462585,12.692244897959183
4152,777777,su1pru0zhy4ska4 j,12.692244897959183,13.402993197278912
4153,777777,zhy0z'n'i4,13.402993197278912,13.778548752834467
4154,777777,dm'i0tr'i4 ji4va4,13.778548752834467,14.445260770975057
4155,888888,fs'i1gda0,0.0,0.35836734693877553
4156,888888,o0n,0.35836734693877553,0.485578231292517
4157,888888,na1ta0lk'i4va4ls'a4,0.485578231292517,1.1696598639455782
4158,888888,na1,1.1696598639455782,1.307482993197279
4159,888888,tv'o0rda4 ji4,1.307482993197279,1.7479818594104308
4160,888888,sa2pra2t'i1vl'e0n'i4 ji4,1.7479818594104308,2.5608163265306123
4161,888888,l'e0ny4,2.5608163265306123,2.9383673469387754
4162,888888,,2.9383673469387754,3.098140589569161
4163,888888,i1,3.098140589569161,3.209795918367347
4164,888888,z,3.209795918367347,3.299501133786848
4165,888888,ga1da0m'i4,3.299501133786848,3.7689342403628117
4166,888888,i1d'e0 ja4,3.7689342403628117,4.131473922902495
4167,888888,sta0la4,4.131473922902495,4.484625850340136
4168,888888,j i1vl'a0ca4,4.484625850340136,4.972063492063492
4169,888888,fs'o0,4.972063492063492,5.202267573696145
4170,888888,r'e0zhy4,5.202267573696145,5.594648526077098
4171,999999,i1,0.0,0.11659863945578232
4172,999999,to0,0.11659863945578232,0.2639455782312925
4173,999999,l'i1sh,0.2639455782312925,0.4616326530612245
4174,999999,v,0.4616326530612245,0.598140589569161
4175,999999,m'i1nu0ty4,0.598140589569161,0.993015873015873
4176,999999,ra2zdra1zhe0n'i4j a4,0.993015873015873,1.7903401360544218
4177,1111110,a1na0,0.0,0.21306122448979592
4178,1111110,pr'i1vra1t'i0la4s',0.21306122448979592,0.8364625850340136
4179,1111110,f,0.8364625850340136,0.8809523809523809
4180,1111110,pa2rta1t'i0vna4j i4,0.8809523809523809,1.7206802721088434
4181,1111110,i1,1.7206802721088434,1.8598639455782313
4182,1111110,u1do0bna4 ji4,1.8598639455782313,2.537732426303855
4183,1111110,fs'i1gda0,2.537732426303855,2.9695238095238095
4184,1111110,pr'i1,2.9695238095238095,3.1496598639455784
4185,1111110,s'i1b'e0,3.1496598639455784,3.615736961451247
4186,1111110,,3.615736961451247,3.9370521541950114
4187,1111110,a1ru0zhy4 ji4,3.9370521541950114,4.535328798185941
4188,1111110,,4.535328798185941,4.656326530612245
4189,1111110,dl'a1,4.656326530612245,4.8815873015873015
4190,1111110,m'e0lk'i4h,4.8815873015873015,5.30766439909297
4191,1111110,s'i1m'e0jny4h,5.30766439909297,5.796961451247165
4192,1111110,sty0chi4k,5.796961451247165,6.321632653061225
4193,1222221,ka1gda0,0.0,0.36435374149659866
4194,1222221,dm'i0tr'i4 ji4vu4,0.36435374149659866,0.9603174603174603
4195,1222221,ha1t'e0la4z',0.9603174603174603,1.4853968253968255
4196,1222221,za1,1.4853968253968255,1.6116099773242631
4197,1222221,shto0ta4,1.6116099773242631,1.9974149659863945
4198,1222221,u1ka1lo0t',1.9974149659863945,2.6326984126984128
4199,1222221,l'e0nu4,2.6326984126984128,3.008843537414966
4200,1222221,,3.008843537414966,3.2807256235827666
4201,1222221,a1bv'i1n'i0t',3.2807256235827666,3.880997732426304
4202,1222221,j i1jo0,3.880997732426304,4.099591836734694
4203,1222221,v,4.099591836734694,4.177369614512472
4204,1222221,y1ga1i0zm'i4,4.177369614512472,4.7050340136054425
4205,1222221,i0l'i4,4.7050340136054425,4.879501133786848
4206,1222221,f,4.879501133786848,4.928888888888889
4207,1222221,cho0rstva4s't'i4,4.928888888888889,5.734467120181406
4208,1222221,,5.734467120181406,5.866666666666666
4209,1222221,o0n,5.866666666666666,6.064353741496599
4210,1222221,ga2va1r'i0l,6.064353741496599,6.509977324263039
4211,1222221,,6.509977324263039,6.784671201814059
4212,1222221,vo0t,6.784671201814059,7.0345124716553284
4213,1222221,pa1e0ta4mu4,7.0345124716553284,7.597052154195011
4214,1222221,ty0,7.597052154195011,7.785487528344671
4215,1222221,i1,7.785487528344671,7.83437641723356
4216,1222221,s,7.83437641723356,7.905532879818594
4217,1222221,ma0t'i4r'ju4,7.905532879818594,8.331292517006803
4218,1222221,ma1je0j,8.331292517006803,8.625850340136054
4219,1222221,n'i1,8.625850340136054,8.741678004535148
4220,1222221,ho0chi4zh,8.741678004535148,9.139455782312925
4221,1222221,zhy0t',9.139455782312925,9.49424036281179
4222,1333332,ka1gda0,0.0,0.33868480725623584
4223,1333332,zhy4,0.33868480725623584,0.4682993197278912
4224,1333332,pa1tr'e0bna4s't',0.4682993197278912,1.1647619047619047
4225,1333332,sji1zv'i0t',1.1647619047619047,1.796734693877551
4226,1333332,i0l'i4,1.796734693877551,2.029160997732426
4227,1333332,na2da1v'i0t',2.029160997732426,2.5482993197278914
4228,1333332,na2,2.5482993197278914,2.664716553287982
4229,1333332,ba1l'no0 ji4,2.664716553287982,3.221360544217687
4230,1333332,va2z'n'i1ka0la4,3.221360544217687,3.857278911564626
4231,1333332,u1,3.857278911564626,4.01718820861678
4232,1333332,l'e0ny4,4.01718820861678,4.472698412698413
4233,1333332,,4.472698412698413,4.779773242630386
4234,1333332,a1na0,4.779773242630386,5.026893424036281
4235,1333332,ga2va1r'i0la4,5.026893424036281,5.641496598639455
4236,1333332,,5.641496598639455,5.800272108843537
4237,1333332,vo0t,5.800272108843537,6.043446712018141
4238,1333332,pa1e0ta4mu4,6.043446712018141,6.7870748299319725
4239,1333332,,6.7870748299319725,6.9178231292517
4240,1333332,ja0,6.9178231292517,7.071972789115646
4241,1333332,i1,7.071972789115646,7.157913832199546
4242,1333332,s,7.157913832199546,7.245850340136054
4243,1333332,ma0t'i4r'ju4,7.245850340136054,7.735510204081633
4244,1333332,tva1je0j,7.735510204081633,8.087074829931973
4245,1333332,zhy0t',8.087074829931973,8.323038548752834
4246,1333332,n'i1,8.323038548752834,8.419092970521541
4247,1333332,ma1gu0,8.419092970521541,8.861541950113379
4248,1333332,,8.861541950113379,8.943628117913832
4249,1333332,i1,8.943628117913832,9.070702947845804
4250,1333332,n'i1ka1gda0,9.070702947845804,9.497732426303855
4251,1333332,n'i1,9.497732426303855,9.624444444444444
4252,1333332,sta0nu4,9.624444444444444,10.113560090702947
4253,1333332,,10.113560090702947,10.38281179138322
4254,1333332,pa2ta1mu0,10.38281179138322,10.708979591836735
4255,1333332,shta4,10.708979591836735,10.924126984126984
4256,1333332,ty0,10.924126984126984,11.288843537414966
4257,1333332,,11.288843537414966,11.500816326530613
4258,1333332,vy0l'i4ta4 ja4,11.500816326530613,12.060634920634921
4259,1333332,a1na0,12.060634920634921,12.578321995464853
4260,1333332,,12.578321995464853,12.730566893424037
4261,1333332,a1,12.730566893424037,12.86780045351474
4262,1333332,s,12.86780045351474,12.956734693877552
4263,1333332,m'i1n'a0,12.956734693877552,13.239183673469388
4264,1333332,hva0t'i4t,13.239183673469388,13.690884353741497
4265,1333332,a1dna1vo0,13.690884353741497,14.23437641723356
4266,1333332,t'i1b'a0,14.23437641723356,14.653832199546486
4267,1444443,ka1gda0ta4,0.0,0.49464852607709753
4268,1444443,fs'o0,0.49464852607709753,0.7264399092970522
4269,1444443,e0ta4,0.7264399092970522,0.917641723356009
4270,1444443,d'o0rga4la4,0.917641723356009,1.5704308390022677
4271,1444443,,1.5704308390022677,1.6504308390022675
4272,1444443,mu0chi4la4,1.6504308390022675,2.179455782312925
4273,1444443,dm'i0tr'i4 ji4va4,2.179455782312925,2.8411337868480726
4274,1555554,i1za1,0.0,0.3301133786848073
4275,1555554,ma0t'i4r'i4,0.3301133786848073,0.7038548752834467
4276,1555554,u1,0.7038548752834467,0.7863038548752834
4277,1555554,n'i1vo0,0.7863038548752834,0.9893877551020408
4278,1555554,by1va0l'i4,0.9893877551020408,1.352562358276644
4279,1555554,zhy1sto0k'i4 ji4,1.352562358276644,1.933061224489796
4280,1555554,p'i1r'i1pa0lk'i4,1.933061224489796,2.5651700680272107
4281,1555554,zh,2.5651700680272107,2.640136054421769
4282,1555554,zhy1no0j,2.640136054421769,3.0675283446712016
4283,1555554,,3.0675283446712016,3.3768253968253967
4284,1555554,o0n,3.3768253968253967,3.5684807256235827
4285,1555554,da2ha1d'i0l,3.5684807256235827,4.029931972789115
4286,1555554,da1,4.029931972789115,4.1794104308390025
4287,1555554,d'i0ka4va4,4.1794104308390025,4.600861678004535
4288,1555554,a1zla1bl'e0n'i4 ja4,4.600861678004535,5.321451247165533
4289,1555554,i1za2,5.321451247165533,5.653106575963719
4290,1555554,ka1ko0va4n'i4bu4t',5.653106575963719,6.267120181405896
4291,1555554,ji1h'i0dna4va4,6.267120181405896,6.886575963718821
4292,1555554,sla1fca0,6.886575963718821,7.423401360544218
4293,1555554,ska0za4na4va4,7.423401360544218,8.002312925170068
4294,1555554,l'e0na4 j,8.002312925170068,8.416598639455783
4295,1555554,,8.416598639455783,8.760317460317461
4296,1555554,i1za2,8.760317460317461,9.093333333333334
4297,1555554,zhy1ny0,9.093333333333334,9.36888888888889
4298,1555554,pu1ska0ls'a4,9.36888888888889,9.895510204081633
4299,1555554,f,9.895510204081633,9.957868480725624
4300,1555554,t'a0ga4sny4j i4,9.957868480725624,10.516417233560091
4301,1555554,vy1j i1s'n'e0n'i4j a4,10.516417233560091,11.186077097505668
4302,1555554,a1tna1she0n'i4j,11.186077097505668,11.849705215419501
4303,1555554,s,11.849705215419501,11.953424036281179
4304,1555554,ma0t'i4r'ju4,11.953424036281179,12.506757369614512
4305,1555554,,12.506757369614512,12.850113378684807
4306,1555554,po0sl'i4,12.850113378684807,13.183265306122449
4307,1555554,chi1vo0,13.183265306122449,13.46408163265306
4308,1555554,ma0t',13.46408163265306,13.699637188208618
4309,1555554,n'i1,13.699637188208618,13.808526077097506
4310,1555554,ra2zga1va0r'i4va4la4,13.808526077097506,14.509115646258504
4311,1555554,s,14.509115646258504,14.61750566893424
4312,1555554,n'i0m,14.61750566893424,14.79877551020408
4313,1555554,pa1,14.79877551020408,14.945850340136055
4314,1555554,n'e0ska4l'ku4,14.945850340136055,15.449342403628117
4315,1555554,dn'e0j,15.449342403628117,15.819818594104309
4316,1666665,o0n,0.0,0.18294784580498866
4317,1666665,u1pr'a0ma4,0.18294784580498866,0.548390022675737
4318,1666665,py1ta0ls'a4,0.548390022675737,1.0374149659863945
4319,1666665,sva1d'i0t',1.0374149659863945,1.7236281179138322
4320,1666665,m'i1r'i0t',1.7236281179138322,2.4029931972789114
4321,1666665,,2.4029931972789114,2.565487528344671
4322,1666665,s'i1l'i0l,2.565487528344671,2.971111111111111
4323,1666665,vm'e0s't'i4,2.971111111111111,3.455374149659864
4324,1666665,na1,3.455374149659864,3.611156462585034
4325,1666665,da0chi4,3.611156462585034,4.063854875283447
4326,1666665,,4.063854875283447,4.378412698412698
4327,1666665,a1dna0zhdy4,4.378412698412698,4.793786848072562
4328,1666665,ku1p'i0l,4.793786848072562,5.099773242630386
4329,1666665,a1b'e0j i4,5.099773242630386,5.435963718820862
4330,1666665,mpu1t'o0fk',5.435963718820862,5.958911564625851
4331,1666665,i4n,5.958911564625851,6.059909297052154
4332,1666665,a1r'i0shska4 ji4,6.059909297052154,6.539501133786848
4333,1666665,vzmo0r'ji4,6.539501133786848,7.080680272108843
4334,1666665,,7.080680272108843,7.367845804988662
4335,1666665,no1,7.367845804988662,7.584126984126984
4336,1666665,n'i1chi1vo0,7.584126984126984,7.983356009070294
4337,1666665,pu0tna4va4,7.983356009070294,8.47986394557823
4338,1666665,i1s,8.47986394557823,8.58625850340136
4339,1666665,fs'i1vo0,8.58625850340136,8.884489795918368
4340,1666665,e0ta4va4,8.884489795918368,9.265850340136055
4341,1666665,n'i1,9.265850340136055,9.521587301587301
4342,1666665,vy1ha1d'i0la4,9.521587301587301,10.171655328798186
4343,1777776,ka1ka0 ji4ta4,0.0,0.4328344671201814
4344,1777776,pr'i1gra0da4,0.4328344671201814,0.9618140589569161
4345,1777776,sta1j a0la4,0.9618140589569161,1.3622675736961452
4346,1777776,m'e0zhdu4,1.3622675736961452,1.6552380952380952
4347,1777776,dvu1m'a0,1.6552380952380952,1.970702947845805
4348,1777776,zhe0n'sci4na4m'i4,1.970702947845805,2.6546485260770973
4349,1777776,,2.6546485260770973,2.7885260770975058
4350,1777776,i1,2.7885260770975058,2.8928798185941043
4351,1777776,pr'i1a2da1l'e0t',2.8928798185941043,3.5819954648526076
4352,1777776,ji1jo0,3.5819954648526076,3.9635374149659865
4353,1777776,a1n'i0,3.9635374149659865,4.305895691609978
4354,1777776,n'i1,4.305895691609978,4.400725623582766
4355,1777776,ma1gl'i0,4.400725623582766,4.842585034013606
4356,1888887,pa2chi1mu0,0.0,0.3690249433106576
4357,1888887,ta0g,0.3690249433106576,0.5743764172335601
4358,1888887,by0la4,0.5743764172335601,0.8364625850340136
4359,1888887,o0n,0.8364625850340136,0.9717913832199546
4360,1888887,n'i1,0.9717913832199546,1.0830839002267574
4361,1888887,pa2n'i1ma0l,1.0830839002267574,1.6988662131519274
4362,1888887,ha1t'a0,1.6988662131519274,2.0459410430839
4363,1888887,ra0n'shy4,2.0459410430839,2.4150566893424035
4364,1888887,za1du0my4va4ls'a4,2.4150566893424035,3.151111111111111
4365,1888887,cha0sta4,3.151111111111111,3.806031746031746
4366,1999998,pa2chi1mu0,0.0,0.4470294784580499
4367,1999998,dv'e0,0.4470294784580499,0.7021768707482993
4368,1999998,i1n't'i1l'i1g'e0ntny4 ji4,0.7021768707482993,1.7868480725623583
4369,1999998,,1.7868480725623583,1.8112925170068028
4370,1999998,fs'e0m'i4,1.8112925170068028,2.218095238095238
4371,1999998,u1va1zha0 ji4my4 ji4,2.218095238095238,3.003265306122449
4372,1999998,zhe0n'sci4ny4,3.003265306122449,3.6107936507936507
4373,1999998,,3.6107936507936507,3.936462585034014
4374,1999998,ks'e0n'i4 ja4,3.936462585034014,4.3303854875283445
4375,1999998,f'o0da4ra4vna4,4.3303854875283445,4.862358276643991
4376,1999998,ra1bo0ta4la4,4.862358276643991,5.299229024943311
4377,1999998,sta0rshy4m,5.299229024943311,5.77750566893424
4378,1999998,b'i1bl'i1o0gra4fa4m,5.77750566893424,6.511428571428572
4379,1999998,a1dno0j,6.511428571428572,6.861541950113379
4380,1999998,kru0pna4 j,6.861541950113379,7.260907029478458
4381,1999998,a1ka2d'i1m'i0chi4ska4 j,7.260907029478458,7.998140589569161
4382,1999998,b'i1bl'i1a1t'e0k'i4,7.998140589569161,8.770385487528344
4383,1999998,,8.770385487528344,9.068163265306122
4384,1999998,a1,9.068163265306122,9.213424036281179
4385,1999998,l'e0na4,9.213424036281179,9.539637188208618
4386,1999998,za2n'i1ma0la4s',9.539637188208618,10.045850340136054
4387,1999998,p'i1r'i1vo0da4m'i4,10.045850340136054,10.605578231292517
4388,1999998,a1ngl'i0 jsk'i4h,10.605578231292517,11.121814058956916
4389,1999998,t'i1hn'i0chi4sk'i4h,11.121814058956916,11.791972789115647
4390,1999998,t'e0ksta4f,11.791972789115647,12.273786848072563
4391,1999998,,12.273786848072563,12.64748299319728
4392,1999998,i1,12.64748299319728,12.78485260770975
4393,1999998,ka0g,12.78485260770975,12.999092970521541
4394,1999998,ga2va1r'i0l'i4,12.999092970521541,13.46063492063492
4395,1999998,by1la0,13.46063492063492,13.699954648526077
4396,1999998,a1tl'i0chna4 j,13.699954648526077,14.209795918367346
4397,1999998,p'i1r'i1vo0chi4cy4 j,14.209795918367346,15.010385487528344
4398,1999998,,15.010385487528344,15.267936507936508
4399,1999998,da0zhy4,15.267936507936508,15.542902494331067
4400,1999998,u1cha0stva4va4la4,15.542902494331067,16.184897959183672
4401,1999998,f,16.184897959183672,16.241496598639454
4402,1999998,sa2sta1vl'e0n'i4j i4,16.241496598639454,16.948798185941044
4403,1999998,ka1ko0va4ta4,16.948798185941044,17.386802721088436
4404,1999998,sp'i1cy1a0l'na4va4,17.386802721088436,18.033514739229027
4405,1999998,u1che0bn'i4ka4,18.033514739229027,18.617596371882087
4406,1999998,pa2,18.617596371882087,18.744943310657597
4407,1999998,p'i1r'i1vo0du4,18.744943310657597,19.31138321995465
4408,1999998,,19.31138321995465,19.71922902494331
4409,1999998,pa2chi1mu0,19.71922902494331,20.18190476190476
4410,1999998,dv'e0,20.18190476190476,20.468390022675738
4411,1999998,ha1ro0shy4j i4,20.468390022675738,21.016507936507935
4412,1999998,zhe0n'sci4ny4,21.016507936507935,21.661541950113378
4413,1999998,,21.661541950113378,21.923038548752835
4414,1999998,ga2r'i1cho0,21.923038548752835,22.362403628117914
4415,1999998,l'u1b'i0fshy4j i4,22.362403628117914,22.883628117913833
4416,1999998,dm'i0tr'i4j i4va4,22.883628117913833,23.55832199546485
4417,1999998,,23.55832199546485,23.8312925170068
4418,1999998,to0zhy4,23.8312925170068,24.211065759637187
4419,1999998,ha1ro0shy4va4,24.211065759637187,24.703174603174602
4420,1999998,chi1la1v'e0ka4,24.703174603174602,25.327573696145123
4421,1999998,,25.327573696145123,25.521133786848072
4422,1999998,i1,25.521133786848072,25.676780045351475
4423,1999998,j i1vo0,25.676780045351475,25.876507936507938
4424,1999998,do0ch,25.876507936507938,26.152925170068027
4425,1999998,na1ta0shku4,26.152925170068027,26.810793650793652
4426,1999998,,26.810793650793652,27.173015873015874
4427,1999998,u1po0rna4,27.173015873015874,27.69455782312925
4428,1999998,l'i1l'e0j i4l'i4,27.69455782312925,28.16081632653061
4429,1999998,f,28.16081632653061,28.205668934240364
4430,1999998,s'i1b'e0,28.205668934240364,28.510884353741496
4431,1999998,tv'i1rd'e0fshu4j u4,28.510884353741496,29.33297052154195
4432,1999998,z,29.33297052154195,29.418004535147393
4433,1999998,ga1da0m'i4,29.418004535147393,29.95968253968254
4434,1999998,vza1i0mnu4j u4,29.95968253968254,30.667936507936506
4435,1999998,n'i1pr'i1j a0z'n',30.667936507936506,31.347392290249434
4436,2111109,mu0chi4ls'a4,0.0,0.7825850340136055
4437,2111109,i1zu1ml'a0ls'a4,0.7825850340136055,1.81124716553288
4438,2111109,,1.81124716553288,1.9271655328798185
4439,2111109,la1ma0l,1.9271655328798185,2.2866213151927437
4440,2111109,s'i1b'e0,2.2866213151927437,2.5704761904761906
4441,2111109,go0la4vu4,2.5704761904761906,3.0574603174603174
4442,2111109,no1,3.0574603174603174,3.31859410430839
4443,2111109,pa1to0m,3.31859410430839,3.6385034013605444
4444,2111109,pr'i1vy0k,3.6385034013605444,4.11469387755102
4445,2222220,pr'i1vy0k,0.0,0.3946031746031746
4446,2222220,a1ta1vo0,0.3946031746031746,0.7824036281179139
4447,2222220,shto1,0.7824036281179139,1.0097959183673468
4448,2222220,u1v'i0d'i4l,1.0097959183673468,1.5119727891156463
4449,2222220,shto1,1.5119727891156463,1.757233560090703
4450,2222220,to0,1.757233560090703,1.9984580498866213
4451,2222220,zhy4,1.9984580498866213,2.133605442176871
4452,2222220,u1,2.133605442176871,2.213968253968254
4453,2222220,fs'e0h,2.213968253968254,2.697142857142857
4454,2222220,,2.697142857142857,2.9993197278911565
4455,2222220,i1,2.9993197278911565,3.1532426303854875
4456,2222220,fs'e0,3.1532426303854875,3.4383673469387754
4457,2222220,pr'i1vy0kl'i4,3.4383673469387754,4.111700680272109
4458,2333331,i1,0.0,0.15691609977324264
4459,2333331,u1spa1ko0i4ls'a4,0.15691609977324264,0.8345578231292518
4460,2333331,na1,0.8345578231292518,0.9614965986394558
4461,2333331,to0j,0.9614965986394558,1.1628117913832199
4462,2333331,i0s't'i4n'i4,1.1628117913832199,1.8403174603174604
4463,2333331,,1.8403174603174604,1.9656689342403628
4464,2333331,shto1,1.9656689342403628,2.1989115646258504
4465,2333331,n'e0d,2.1989115646258504,2.377641723356009
4466,2333331,v,2.377641723356009,2.4324716553287984
4467,2333331,zhy0z'n'i4,2.4324716553287984,2.798639455782313
4468,2333331,n'i1chi1vo0,2.798639455782313,3.322766439909297
4469,2333331,bo0l'i4 ji4,3.322766439909297,3.664943310657596
4470,2333331,mu0dra4va4,3.664943310657596,4.175646258503401
4471,2333331,i1,4.175646258503401,4.228979591836735
4472,2333331,ce0na4va4,4.228979591836735,4.851111111111111
4473,2333331,,4.851111111111111,4.993424036281179
4474,2333331,che0m,4.993424036281179,5.234648526077097
4475,2333331,pa1ko0j,5.234648526077097,5.751519274376418
4476,2333331,,5.751519274376418,6.212380952380952
4477,2333331,i1,6.212380952380952,6.355056689342404
4478,2333331,ji1vo0,6.355056689342404,6.715283446712018
4479,2333331,to0,6.715283446712018,6.8717460317460315
4480,2333331,nu0zhna4,6.8717460317460315,7.265124716553288
4481,2333331,b'i1r'e0ch,7.265124716553288,7.742675736961451
4482,2333331,i1za1,7.742675736961451,8.024308390022675
4483,2333331,fs'e0h,8.024308390022675,8.300907029478457
4484,2333331,s'i0l,8.300907029478457,8.68013605442177
4485,2444442,pa1e0ta4mu4,0.0,0.4400907029478458
4486,2444442,ka1gda0,0.4400907029478458,0.7414512471655329
4487,2444442,l'e0na4,0.7414512471655329,1.0054421768707482
4488,2444442,vdru0g,1.0054421768707482,1.2591836734693878
4489,2444442,za2ga2va1r'i0la4,1.2591836734693878,1.82562358276644
4490,2444442,a1b,1.82562358276644,1.9650340136054423
4491,2444442,a1bm'e0n'i4,1.9650340136054423,2.4541043083900225
4492,2444442,s,2.4541043083900225,2.5448979591836736
4493,2444442,ma2rku1she0v'i4chi4m'i4,2.5448979591836736,3.5802267573696147
4494,2444442,,3.5802267573696147,3.7801814058956915
4495,2444442,po0z'n'i4m,3.7801814058956915,4.215056689342403
4496,2444442,v'e0chi4ra4m,4.215056689342403,4.697369614512471
4497,2444442,da1vno0,4.697369614512471,5.060226757369614
4498,2444442,a1tu0zhy4na4l'i4,5.060226757369614,5.678049886621316
4499,2444442,na1ta0shka4,5.678049886621316,6.156462585034014
4500,2444442,spa1la0,6.156462585034014,6.620544217687075
4501,2444442,,6.620544217687075,7.046938775510204
4502,2444442,dm'i0tr'i4 ji4f,7.046938775510204,7.609750566893424
4503,2444442,y1spu1ga0ls'a4,7.609750566893424,8.396689342403628
4504,2555553,kto0,0.0,0.24476190476190476
4505,2555553,ta1k'i0 ji4,0.24476190476190476,0.5671655328798186
4506,2555553,ma2rku1she0v'i4chi4,0.5671655328798186,1.393968253968254
4507,2666664,a1tku0da4,0.0,0.46530612244897956
4508,2666664,a1na0,0.46530612244897956,0.6898412698412698
4509,2666664,i0H,0.6898412698412698,0.8444897959183674
4510,2666664,vz'i1la0,0.8444897959183674,1.265034013605442
4511,2777775,dvu1hko0mna4tna4 ja4,0.0,0.7380498866213152
4512,2777775,kva1rt'i0ra4,0.7380498866213152,1.2571428571428571
4513,2777775,na1,1.2571428571428571,1.3956009070294784
4514,2777775,ma0la4j,1.3956009070294784,1.670294784580499
4515,2777775,gru1z'i0nska4 j,1.670294784580499,2.4604535147392292
4516,2888886,o0n,0.0,0.2220408163265306
4517,2888886,po0n'i4l,0.2220408163265306,0.5747392290249433
4518,2888886,ta0jnu4 ju4,0.5747392290249433,1.1000453514739228
4519,2888886,i1,1.1000453514739228,1.1972789115646258
4520,2888886,pra1stu0 ju4,1.1972789115646258,1.733469387755102
4521,2888886,my0sl',1.733469387755102,2.1765986394557824
4522,2888886,l'e0ny4,2.1765986394557824,2.6266666666666665
4523,2888886,,2.6266666666666665,2.961904761904762
4524,2888886,a1t,2.961904761904762,3.1297505668934242
4525,2888886,e0ta4va4,3.1297505668934242,3.388843537414966
4526,2888886,pa2n'i1ma0n'i4 ja4,3.388843537414966,4.029614512471655
4527,2888886,i1spu0k,4.029614512471655,4.528344671201814
4528,2888886,pra1n'i0k,4.528344671201814,4.919954648526077
4529,2888886,v,4.919954648526077,4.961133786848072
4530,2888886,ji1vo0,4.961133786848072,5.184943310657596
4531,2888886,s'e0rcy4,5.184943310657596,5.710249433106576
4532,2888886,,5.710249433106576,5.98702947845805
4533,2888886,i1,5.98702947845805,6.109523809523809
4534,2888886,o0n,6.109523809523809,6.254421768707483
4535,2888886,pa2bl'i1dn'e0l,6.254421768707483,6.947619047619048
4536,2888886,,6.947619047619048,7.108707482993197
4537,2888886,sn'i0k,7.108707482993197,7.614149659863946
4538,2888886,,7.614149659863946,7.955328798185941
4539,2888886,n'i1,7.955328798185941,8.09142857142857
4540,2888886,mo0k,8.09142857142857,8.303446712018141
4541,2888886,pa1dn'a0d',8.303446712018141,8.69451247165533
4542,2888886,gla0s,8.69451247165533,9.03750566893424
4543,2888886,na1,9.03750566893424,9.170521541950114
4544,2888886,l'e0nu4,9.170521541950114,9.506530612244898
4545,2999997,ta0k,0.0,0.19201814058956915
4546,2999997,ka1k,0.19201814058956915,0.3713832199546485
4547,2999997,o0n,0.3713832199546485,0.49759637188208616
4548,2999997,ma1lcha0l,0.49759637188208616,1.0487528344671202
4549,2999997,l'e0na4,1.0487528344671202,1.3301133786848072
4550,2999997,pra2da1lzha0la4,1.3301133786848072,2.0621315192743763
4551,2999997,,2.0621315192743763,2.3769614512471655
4552,2999997,ma2t'i1r'i0nska4 ja4,2.3769614512471655,3.012199546485261
4553,2999997,ko0mna4ta4,3.012199546485261,3.4881179138321996
4554,2999997,na2,3.4881179138321996,3.591065759637188
4555,2999997,pra2fsa1ju0zna4j,3.591065759637188,4.366893424036281
4556,2999997,i0m,4.366893424036281,4.554421768707483
4557,2999997,pa1nra0v'i4ca4,4.554421768707483,5.069024943310658
4558,2999997,na2v'i1rn'i1ka0,5.069024943310658,5.722312925170068
4559,2999997,,5.722312925170068,6.052607709750567
4560,2999997,a1na0,6.052607709750567,6.293424036281179
4561,2999997,i0h,6.293424036281179,6.441678004535148
4562,2999997,u1stro0i4d,6.441678004535148,6.878866213151928
4563,2999997,g'i1a2gra1f'i0chi4sk'i4,6.878866213151928,7.869659863945579
4564,2999997,,7.869659863945579,7.952108843537415
4565,2999997,pa2ta1mu0,7.952108843537415,8.262630385487528
4566,2999997,shta4,8.262630385487528,8.415736961451247
4567,2999997,zhy1na0,8.415736961451247,8.688526077097505
4568,2999997,ma2rku1she0v'i4cha4,8.688526077097505,9.408027210884354
4569,2999997,ra1bo0ta4 ji4d,9.408027210884354,9.83827664399093
4570,2999997,gd'e0ta4,9.83827664399093,10.145124716553289
4571,2999997,vo0zl'i4,10.145124716553289,10.437505668934241
4572,2999997,ka1lu0shska4 j,10.437505668934241,10.933968253968255
4573,2999997,za1sta0vy4,10.933968253968255,11.523537414965986
4574,2999997,,11.523537414965986,11.902630385487528
4575,2999997,a1,11.902630385487528,12.024353741496599
4576,2999997,vo0t,12.024353741496599,12.179863945578232
4577,2999997,k,12.179863945578232,12.256780045351475
4578,2999997,y0h,12.256780045351475,12.419365079365079
4579,2999997,so0pstv'i4na4 j,12.419365079365079,12.97795918367347
4580,2999997,ko0mna4t'i4,12.97795918367347,13.461995464852608
4581,2999997,pa1tr'e0bu4 ji4ca4,13.461995464852608,14.099501133786848
4582,2999997,na1v'e0rna4,14.099501133786848,14.542131519274376
4583,2999997,da1pla0ta4,14.542131519274376,15.22517006802721
4584,3111108,i1na0chi4,0.0,0.4003174603174603
4585,3111108,n'i1,0.4003174603174603,0.4982312925170068
4586,3111108,za2i1n't'i1r'i1su0 ji4sh,0.4982312925170068,1.3382766439909297
4587,3222219,mo0zhna4,0.0,0.2965079365079365
4588,3222219,ka1n'e0shna4,0.2965079365079365,0.7165079365079365
4589,3222219,pa1pro0ba4va4t',0.7165079365079365,1.2852607709750568
4590,3222219,a1bm'i1n'a0t',1.2852607709750568,1.758185941043084
4591,3222219,i0h,1.758185941043084,1.8923809523809523
4592,3222219,ko0mna4tu4,1.8923809523809523,2.3624489795918366
4593,3222219,na1,2.3624489795918366,2.5057596371882087
4594,3222219,shto0ta4,2.5057596371882087,2.799637188208617
4595,3222219,bo0l'i4 ji4,2.799637188208617,3.163628117913832
4596,3222219,sto0 ji4sci4 ji4,3.163628117913832,3.8236281179138323
4597,3222219,bu0d'i4t,3.8236281179138323,4.343310657596372
4598,3222219,tra1jno0j,4.343310657596372,4.809795918367347
4599,3222219,a1bm'e0n,4.809795918367347,5.252063492063492
4600,3222219,,5.252063492063492,5.54766439909297
4601,3222219,e0ta4,5.54766439909297,5.753151927437642
4602,3222219,n'i1,5.753151927437642,5.858049886621315
4603,3222219,stra0shna4,5.858049886621315,6.41328798185941
4604,3333330,na0da4,0.0,0.27319727891156464
4605,3333330,d'e0jstva4va4t',0.27319727891156464,0.8777324263038548
4606,3333330,i1ny1rg'i0chna4,0.8777324263038548,1.573424036281179
4607,3444441,ka0zhdy4 j,0.0,0.45024943310657595
4608,3444441,d'e0n',0.45024943310657595,0.7085260770975057
4609,3444441,shto0ta4,0.7085260770975057,1.055736961451247
4610,3444441,d'e0la4t',1.055736961451247,1.5370975056689342
4611,3555552,lu0chshy4,0.0,0.4339229024943311
4612,3555552,fs'i1vo0,0.4339229024943311,0.7476190476190476
4613,3555552,na1jt'i0,0.7476190476190476,1.123673469387755
4614,3555552,ma0kl'i4ra4,1.123673469387755,1.7634920634920634
4615,3666663,u1,0.0,0.13773242630385488
4616,3666663,l'u0s'i4,0.13773242630385488,0.4877097505668934
4617,3666663,je0z'd',0.4877097505668934,0.7508390022675737
4618,3666663,zna1ko0my4j,0.7508390022675737,1.3196371882086169
4619,3666663,ma0kl'i4r,1.3196371882086169,1.796689342403628
4620,3666663,,1.796689342403628,1.901904761904762
4621,3666663,sta2r'i1cho0k,1.901904761904762,2.4974149659863945
4622,3666663,o0chi4n',2.4974149659863945,2.814104308390023
4623,3666663,m'i0ly4 j,2.814104308390023,3.194875283446712
4624,3777774,o0n,0.0,0.15632653061224488
4625,3777774,pra0vda4,0.15632653061224488,0.47419501133786846
4626,3777774,n'i1ka1mu0,0.47419501133786846,0.8561904761904762
4627,3777774,n'i1,0.8561904761904762,0.9721541950113378
4628,3777774,da1jo0t,0.9721541950113378,1.3300226757369615
4629,3777774,sva2 ji1vo0,1.3300226757369615,1.7248072562358276
4630,3777774,a0dr'i4sa4,1.7248072562358276,2.1819954648526076
4631,3777774,i1,2.1819954648526076,2.2439909297052156
4632,3777774,t'i1l'i1fo0na4,2.2439909297052156,2.866394557823129
4633,3777774,,2.866394557823129,3.14562358276644
4634,3777774,a1,3.14562358276644,3.257142857142857
4635,3777774,pa2 ji1vl'a0 ji4ca4,3.257142857142857,3.894875283446712
4636,3777774,sa0m,3.894875283446712,4.241043083900227
4637,3777774,ka0k,4.241043083900227,4.4498412698412695
4638,3777774,sn'e0k,4.4498412698412695,4.763537414965986
4639,3777774,na1,4.763537414965986,4.891473922902494
4640,3777774,go0la4vu4,4.891473922902494,5.314149659863945
4641,3777774,,5.314149659863945,5.662857142857143
4642,3777774,ta1ko0 j,5.662857142857143,5.957142857142857
4643,3777774,ka2nsp'i1ra0ta4r,5.957142857142857,6.749977324263039
4644,3777774,,6.749977324263039,7.084263038548753
4645,3777774,no1,7.084263038548753,7.282403628117914
4646,3777774,u1,7.282403628117914,7.380090702947846
4647,3777774,l'u0s'i4,7.380090702947846,7.698095238095238
4648,3777774,o0n,7.698095238095238,7.844081632653062
4649,3777774,do0lzhy4n,7.844081632653062,8.202539682539683
4650,3777774,sko0ra4,8.202539682539683,8.521632653061225
4651,3777774,pa2 ji1v'i0ca4,8.521632653061225,9.2340589569161
4652,3777774,,9.2340589569161,9.533061224489796
4653,3777774,a1na0,9.533061224489796,9.810566893424037
4654,3777774,j i1mu0,9.810566893424037,10.123356009070294
4655,3777774,za2da1lzha0la4,10.123356009070294,10.95156462585034
4656,3888885,e0ta4,0.0,0.2515646258503401
4657,3888885,za1ko0n,0.2515646258503401,0.8201360544217687
4658,3888885,,0.8201360544217687,1.0000907029478459
4659,3888885,n'i1ka1gda0,1.0000907029478459,1.4897052154195012
4660,3888885,n'i1l'z'a0,1.4897052154195012,1.8922902494331066
4661,3888885,da1va0t',1.8922902494331066,2.245215419501134
4662,3888885,i0m,2.245215419501134,2.3756009070294786
4663,3888885,d'e0n'g'i4,2.3756009070294786,2.7620861678004536
4664,3888885,fp'i1r'o0t,2.7620861678004536,3.293968253968254
4665,3999996,ra2zga1va0r'i4va4 ja4,0.0,0.9054875283446712
4666,3999996,,0.9054875283446712,1.0165079365079366
4667,3999996,l'e0na4,1.0165079365079366,1.3592290249433105
4668,3999996,st'i1l'i0la4,1.3592290249433105,1.80281179138322
4669,3999996,pa1s't'e0l',1.80281179138322,2.396326530612245
4670,4111107,o0n,0.0,0.19179138321995465
4671,4111107,n'i1ka0k,0.19179138321995465,0.5377777777777778
4672,4111107,n'i1,0.5377777777777778,0.6552834467120181
4673,4111107,mo0k,0.6552834467120181,0.8634467120181406
4674,4111107,pa2sma1tr'e0t',0.8634467120181406,1.5258049886621314
4675,4111107,je0 j,1.5258049886621314,1.7072108843537415
4676,4111107,v,1.7072108843537415,1.8048526077097506
4677,4111107,gla1za0,1.8048526077097506,2.356281179138322
4678,4111107,,2.356281179138322,2.7899773242630386
4679,4111107,t'i1p'e0r',2.7899773242630386,3.096643990929705
4680,4111107,o0n,3.096643990929705,3.240952380952381
4681,4111107,ha1t'e0l,3.240952380952381,3.6398639455782313
4682,4111107,e0ta4va4,3.6398639455782313,4.081179138321995
4683,4111107,,4.081179138321995,4.296054421768708
4684,4111107,no1,4.296054421768708,4.478503401360544
4685,4111107,l'e0na4,4.478503401360544,4.7621315192743765
4686,4111107,sta1ja0la4,4.7621315192743765,5.176326530612245
4687,4111107,k,5.176326530612245,5.2686621315192745
4688,4111107,n'i1mu0,5.2686621315192745,5.528208616780045
4689,4111107,to0,5.528208616780045,5.758367346938775
4690,4111107,bo0ka4m,5.758367346938775,6.217233560090703
4691,4111107,to0,6.217233560090703,6.419092970521542
4692,4111107,sp'i1no0j,6.419092970521542,6.973786848072562
4693,4111107,,6.973786848072562,7.434739229024943
4694,4111107,ka1gda0,7.434739229024943,7.747573696145125
4695,4111107,zhy4,7.747573696145125,7.867664399092971
4696,4111107,a1na0,7.867664399092971,8.051746031746031
4697,4111107,pa2v'i1rnu0la4s',8.051746031746031,8.759501133786848
4698,4111107,i1,8.759501133786848,8.917823129251701
4699,4111107,o0n,8.917823129251701,9.093650793650793
4700,4111107,vzgl'i1nu0l,9.093650793650793,9.61591836734694
4701,4111107,je0j,9.61591836734694,9.831473922902495
4702,4111107,pr'a0ma4,9.831473922902495,10.20530612244898
4703,4111107,v,10.20530612244898,10.293015873015873
4704,4111107,gla1za0,10.293015873015873,10.818730158730158
4705,4111107,,10.818730158730158,11.203718820861678
4706,4111107,bl'i1za1ru0k'i4 ji4,11.203718820861678,12.077823129251701
4707,4111107,,12.077823129251701,12.210068027210884
4708,4111107,s,12.210068027210884,12.333061224489796
4709,4111107,ra1shy0r'i4ny4m'i4,12.333061224489796,12.971791383219955
4710,4111107,a1t,12.971791383219955,13.120272108843537
4711,4111107,v'i1che0rn'i4va4,13.120272108843537,13.64267573696145
4712,4111107,cht'e0n'i4 ja4,13.64267573696145,14.145351473922902
4713,4111107,zra1chka0m'i4,14.145351473922902,14.878321995464853
4714,4111107,,14.878321995464853,15.304444444444444
4715,4111107,u1v'i0d'i4l,15.304444444444444,15.87156462585034
4716,4111107,r'i1shy0ma4s't',15.87156462585034,16.738866213151926
4717,4222218,na1v'e0rna4,0.0,0.31029478458049886
4718,4222218,ga1to0v'i4la4s',0.31029478458049886,0.8170975056689342
4719,4222218,k,0.8170975056689342,0.8973696145124717
4720,4222218,ra2zga1vo0ru4,0.8973696145124717,1.3721995464852608
4721,4222218,da1vno0,1.3721995464852608,1.894421768707483
4722,4222218,,1.894421768707483,2.183809523809524
4723,4222218,mo0zhy4t,2.183809523809524,2.6253514739229025
4724,4222218,s,2.6253514739229025,2.813106575963719
4725,4222218,p'e0rva4va4,2.813106575963719,3.2820408163265307
4726,4222218,dn'a0,3.2820408163265307,3.5398639455782313
4727,4222218,ka0k,3.5398639455782313,3.784716553287982
4728,4222218,u1zna0la4,3.784716553287982,4.171383219954649
4729,4222218,a1,4.171383219954649,4.209977324263039
4730,4222218,ba1l'e0z'n'i4,4.209977324263039,4.641179138321996
4731,4222218,ma0t'i4r'i4,4.641179138321996,5.100589569160998
4732,4333329,ta1gda0,0.0,0.3293877551020408
4733,4333329,zhy4,0.3293877551020408,0.46870748299319726
4734,4333329,j i1jo0,0.46870748299319726,0.7649886621315193
4735,4333329,i1,0.7649886621315193,0.8464852607709751
4736,4333329,a1s'i1n'i0la4,0.8464852607709751,1.5204081632653061
4737,4444440,i1,0.0,0.13900226757369616
4738,4444440,pa1ka0,0.13900226757369616,0.47886621315192746
4739,4444440,o0n,0.47886621315192746,0.6999092970521542
4740,4444440,pa1da0vl'i4ny4 j,0.6999092970521542,1.3416780045351473
4741,4444440,u0zha4sa4m,1.3416780045351473,1.96702947845805
4742,4444440,na1s'i0ls'a4,1.96702947845805,2.4636281179138324
4743,4444440,pa2,2.4636281179138324,2.6100680272108843
4744,4444440,vra1cha0m,2.6100680272108843,3.233832199546485
4745,4444440,,3.233832199546485,3.521360544217687
4746,4444440,zva1n'i0l,3.521360544217687,3.8959637188208616
4747,4444440,v,3.8959637188208616,3.9569160997732427
4748,4444440,ba1l'n'i0cy4,3.9569160997732427,4.717006802721088
4749,4444440,,4.717006802721088,4.805351473922903
4750,4444440,u1stra0i4va4l,4.805351473922903,5.614467120181406
4751,4444440,,5.614467120181406,5.693922902494331
4752,4444440,t'i1rza0ls'a4,5.693922902494331,6.430975056689342
4753,4444440,,6.430975056689342,6.813469387755102
4754,4444440,a1na0,6.813469387755102,7.174557823129252
4755,4444440,a1bdu0my4va4la4,7.174557823129252,8.000181405895692
4756,4444440,,8.000181405895692,8.13156462585034
4757,4444440,sa2a2bra1zha0la4,8.13156462585034,8.98843537414966
4758,4555551,i1,0.0,0.15433106575963718
4759,4555551,vo0t,0.15433106575963718,0.34997732426303857
4760,4555551,na1shla0,0.34997732426303857,0.7529251700680272
4761,4555551,ka1k'i0hta4,0.7529251700680272,1.1891609977324262
4762,4555551,ma2rku1she0v'i4chi4 j,1.1891609977324262,2.1584580498866215
4763,4666662,stra0na4,0.0,0.515328798185941
4764,4666662,no1,0.515328798185941,0.6400453514739229
4765,4666662,o0n,0.6400453514739229,0.780907029478458
4766,4666662,n'i1,0.780907029478458,0.9016780045351473
4767,4666662,i1spy0ty4va4l,0.9016780045351473,1.4650340136054423
4768,4666662,s'i1cha0s,1.4650340136054423,1.9499319727891156
4769,4666662,n'i1,1.9499319727891156,2.0797278911564625
4770,4666662,gn'e0va4,2.0797278911564625,2.523356009070295
4771,4666662,n'i1,2.523356009070295,2.6575963718820863
4772,4666662,bo0l'i4,2.6575963718820863,3.1179138321995463
4773,4777773,m'i1l'knu0la4,0.0,0.5199092970521542
4774,4777773,to0l'ka4,0.5199092970521542,1.0219954648526077
4775,4777773,a1,1.0219954648526077,1.3500680272108843
4776,4777773,b'i1spa1sca0dna4s't'i4,1.3500680272108843,2.3411791383219955
4777,4777773,zhy0z'n'i4,2.3411791383219955,2.8820408163265308
4778,4888884,l'e0na4,0.0,0.3003174603174603
4779,4888884,tu0t,0.3003174603174603,0.49723356009070296
4780,4888884,n'i1,0.49723356009070296,0.5898866213151928
4781,4888884,pr'i1,0.5898866213151928,0.7760090702947846
4782,4888884,cho0m,0.7760090702947846,1.214875283446712
4783,4888884,,1.214875283446712,1.363628117913832
4784,4888884,a1na0,1.363628117913832,1.573424036281179
4785,4888884,by1la0,1.573424036281179,1.7826303854875283
4786,4888884,cha0s't'ju4,1.7826303854875283,2.26421768707483
4787,4888884,e0ta4 j,2.26421768707483,2.506031746031746
4788,4888884,zhy0z'n'i4,2.506031746031746,2.958775510204082
4789,4888884,,2.958775510204082,3.355374149659864
4790,4888884,cha0s't'ju4,3.355374149659864,3.807392290249433
4791,4888884,b'i1spa1sca0dna4s't'i4,3.807392290249433,4.8861678004535145
4792,4999995,kro0m'i4,0.0,0.32
4793,4999995,ta1vo0,0.32,0.7643083900226757
4794,4999995,,0.7643083900226757,0.8195918367346938
4795,4999995,mo0zhna4,0.8195918367346938,1.2102947845804988
4796,4999995,l'i4,1.2102947845804988,1.3114739229024943
4797,4999995,s'i1rd'i0ca4,1.3114739229024943,1.826893424036281
4798,4999995,na2,1.826893424036281,1.9584126984126984
4799,4999995,chi1la1v'e0ka4,1.9584126984126984,2.6863038548752836
4800,4999995,,2.6863038548752836,2.9091609977324264
4801,4999995,l'i1sho0na4va4,2.9091609977324264,3.508843537414966
4802,4999995,k,3.508843537414966,3.5786848072562356
4803,4999995,pr'i1m'e0ru4,3.5786848072562356,4.162630385487528
4804,4999995,,4.162630385487528,4.3769614512471655
4805,4999995,mu1zy1ka0l'na4va4,4.3769614512471655,5.080907029478458
4806,4999995,slu0ha4,5.080907029478458,5.606077097505669
4807,5111106,l'e0nu4,0.0,0.33052154195011335
4808,5111106,fs'i1gda0,0.33052154195011335,0.677641723356009
4809,5111106,a1tl'i1cha0la4,0.677641723356009,1.2775963718820862
4810,5111106,n'e0ka4ta4ra4j a4,1.2775963718820862,1.9261678004535148
4811,5111106,du1she0vna4j a4,1.9261678004535148,2.885260770975057
4812,5111106,,2.885260770975057,3.3446258503401363
4813,5111106,n'e0t,3.3446258503401363,3.6298866213151926
4814,5111106,n'i1,3.6298866213151926,3.740861678004535
4815,5111106,glu1ha1ta0,3.740861678004535,4.560544217687075
4816,5111106,,4.560544217687075,4.794557823129252
4817,5111106,chi1r'i1scu0r,4.794557823129252,5.292199546485261
4818,5111106,s'i0l'na4,5.292199546485261,5.767619047619047
4819,5111106,,5.767619047619047,6.389206349206349
4820,5111106,n'e0ka4ta4ra4 ja4,6.389206349206349,6.922040816326531
4821,5111106,du1she0vna4 ja4,6.922040816326531,7.5081179138322
4822,5111106,n'i1to0chna4s't',7.5081179138322,8.382585034013605
4823,5111106,,8.382585034013605,8.81047619047619
4824,5111106,i1,8.81047619047619,8.956689342403628
4825,5111106,e0ta4,8.956689342403628,9.139183673469388
4826,5111106,svo0jstva4,9.139183673469388,9.600272108843537
4827,5111106,ji1sco0,9.600272108843537,10.053968253968254
4828,5111106,a1ba1str'a0la4s',10.053968253968254,10.772471655328799
4829,5111106,,10.772471655328799,11.129795918367346
4830,5111106,ka1gda0,11.129795918367346,11.442721088435373
4831,5111106,fstu1pa0la4,11.442721088435373,11.882358276643991
4832,5111106,v,11.882358276643991,11.953061224489796
4833,5111106,d'e0jstv'i4j i4,11.953061224489796,12.405668934240364
4834,5111106,dru1go0j i4,12.405668934240364,13.009886621315193
4835,5111106,,13.009886621315193,13.198775510204081
4836,5111106,s'i1l'n'e0jshy4 ji4,13.198775510204081,13.892380952380952
4837,5111106,ka0chi4stva4,13.892380952380952,14.43047619047619
4838,5111106,l'e0ny4,14.43047619047619,14.800045351473923
4839,5111106,,14.800045351473923,15.112426303854875
4840,5111106,u1m'e0n'i4 ji4,15.112426303854875,15.64798185941043
4841,5111106,da2b'i1va0ca4,15.64798185941043,16.248979591836736
4842,5111106,sva2 ji1vo0,16.248979591836736,16.802721088435373
4843,5222217,o0n,0.0,0.19183673469387755
4844,5222217,za2cy1p'i0ls'a4,0.19183673469387755,0.8459863945578231
4845,5222217,za1,0.8459863945578231,1.001859410430839
4846,5222217,to0,1.001859410430839,1.1952834467120181
4847,5222217,shto1,1.1952834467120181,1.3839909297052153
4848,5222217,by0la4,1.3839909297052153,1.6785487528344671
4849,5222217,vbl'i1z'i0,1.6785487528344671,2.431201814058957
4850,5222217,,2.431201814058957,2.566848072562358
4851,5222217,za1che0m,2.566848072562358,3.0652154195011336
4852,5222217,nu0zhy4n,3.0652154195011336,3.4117913832199545
4853,5222217,ma0kl'i4r,3.4117913832199545,3.8369614512471655
4854,5222217,je0sl'i4,3.8369614512471655,4.204716553287982
4855,5222217,kva1rt'i0ra4,4.204716553287982,4.88077097505669
4856,5222217,na1,4.88077097505669,5.092698412698413
4857,5222217,ma0la4j,5.092698412698413,5.453696145124717
4858,5222217,gru1z'i0nska4 j,5.453696145124717,6.130748299319728
4859,5222217,u1zhe0,6.130748299319728,6.3652154195011335
4860,5222217,na0jd'i4na4,6.3652154195011335,6.988072562358276
4861,5333328,ma0kl'i4r,0.0,0.48299319727891155
4862,5333328,nu0zhy4n,0.48299319727891155,0.9291609977324263
4863,5333328,je0sl'i4,0.9291609977324263,1.2021768707482994
4864,5333328,pr'i1d'o0ca4,1.2021768707482994,1.7168253968253968
4865,5333328,m'i1n'a0t',1.7168253968253968,2.0854421768707483
4866,5333328,i0h,2.0854421768707483,2.3382766439909295
4867,5333328,ko0mna4tu4,2.3382766439909295,2.978956916099773
4868,5444439,i1,0.0,0.1253514739229025
4869,5444439,va2a1psce0,0.1253514739229025,0.5049886621315193
4870,5444439,shto0by4,0.5049886621315193,0.7829478458049887
4871,5444439,u1sko0r'i4t',0.7829478458049887,1.296780045351474
4872,5444439,v'e0s',1.296780045351474,1.5091609977324263
4873,5444439,pra1ce0s,1.5091609977324263,2.113514739229025
4874,5555550,a1na0,0.0,0.2653061224489796
4875,5555550,n'i1,0.2653061224489796,0.3741496598639456
4876,5555550,za1pla0t'i4t,0.3741496598639456,0.9262585034013605
4877,5555550,ji1mu0,0.9262585034013605,1.1262585034013606
4878,5555550,n'i1,1.1262585034013606,1.2282086167800454
4879,5555550,ka1p'e0jk'i4,1.2282086167800454,1.7980498866213153
4880,5555550,da1,1.7980498866213153,1.9301133786848073
4881,5555550,t'e0h,1.9301133786848073,2.1612698412698412
4882,5555550,po0r,2.1612698412698412,2.3791836734693876
4883,5555550,pa1ka0,2.3791836734693876,2.6932879818594104
4884,5555550,n'i1,2.6932879818594104,2.807074829931973
4885,5555550,pa1lu0chi4t,2.807074829931973,3.346439909297052
4886,5555550,o0rd'i4r,3.346439909297052,3.856734693877551
4887,5555550,na0,3.856734693877551,4.047981859410431
4888,5555550,ru4k'i4,4.047981859410431,4.4399092970521545
4889,5666661,sto0i4t,0.0,0.38108843537414966
4890,5666661,e0ta4,0.38108843537414966,0.5408616780045351
4891,5666661,n'i1,0.5408616780045351,0.6560544217687074
4892,5666661,ta0k,0.6560544217687074,0.854920634920635
4893,5666661,u4zh,0.854920634920635,0.9826757369614513
4894,5666661,do0ra4ga4,0.9826757369614513,1.5132879818594105
4895,5666661,,1.5132879818594105,1.6555555555555554
4896,5666661,ru1bl'e0j,1.6555555555555554,2.0443537414965984
4897,5666661,sto0,2.0443537414965984,2.479863945578231
4898,5666661,,2.479863945578231,2.6498866213151926
4899,5666661,ma0ks'i4mu4m,2.6498866213151926,3.2455328798185943
4900,5666661,pa2lta1ra0sta4,3.2455328798185943,4.053696145124716
4901,5777772,ta0k,0.0,0.2311111111111111
4902,5777772,y1,0.2311111111111111,0.34671201814058955
4903,5777772,je0s't',0.34671201814058955,0.9138321995464853
4904,5888883,ji1vo0,0.0,0.2729705215419501
4905,5888883,mra0chna4s't',0.2729705215419501,0.833015873015873
4906,5888883,a1na0,0.833015873015873,1.027437641723356
4907,5888883,ra2scy1n'i0la4,1.027437641723356,1.5862131519274376
4908,5888883,pa2,1.5862131519274376,1.751201814058957
4909,5888883,svo0 ji4mu4,1.751201814058957,2.321451247165533
4910,5999994,ka1ka0 ja4,0.0,0.38104308390022673
4911,5999994,to0nka4 ja4,0.38104308390022673,0.8871201814058957
4912,5999994,du1sha0,0.8871201814058957,1.4931519274376417
4913,5999994,,1.4931519274376417,1.6262131519274377
4914,5999994,ka1ko0j,1.6262131519274377,1.9601814058956917
4915,5999994,ps'i1ho0la4k,1.9601814058956917,2.728027210884354
4916,6111105,o0n,0.0,0.17700680272108843
4917,6111105,ska1za0l,0.17700680272108843,0.5481632653061225
4918,6111105,shto1,0.5481632653061225,0.7322448979591837
4919,6111105,lu0chshy4,0.7322448979591837,1.0234013605442176
4920,6111105,by4,1.0234013605442176,1.1394104308390023
4921,6111105,a1na0,1.1394104308390023,1.3587755102040817
4922,6111105,pa2da2zhda0la4,1.3587755102040817,1.9975056689342403
4923,6111105,pa1ka0,1.9975056689342403,2.323809523809524
4924,6111105,o0n,2.323809523809524,2.433151927437642
4925,6111105,na1chn'o0t,2.433151927437642,3.0052154195011336
4926,6111105,e0ta4t,3.0052154195011336,3.2815873015873014
4927,6111105,ra2zga1vo0r,3.2815873015873014,3.7402267573696144
4928,6111105,sa0m,3.7402267573696144,4.157414965986394
4929,6111105,,4.157414965986394,4.5095238095238095
4930,6111105,a1,4.5095238095238095,4.626213151927438
4931,6111105,n'i1,4.626213151927438,4.736643990929705
4932,6111105,na1chn'o0d,4.736643990929705,5.302721088435374
4933,6111105,zna0chi4t,5.302721088435374,5.732244897959184
4934,6111105,n'i1,5.732244897959184,5.810249433106576
4935,6111105,nu0zhna4,5.810249433106576,6.2575056689342405
4936,6111105,,6.2575056689342405,6.450068027210884
4937,6111105,n'i1l'z'a0,6.450068027210884,6.989795918367347
4938,6111105,,6.989795918367347,7.228117913832199
4939,6111105,n'i1,7.228117913832199,7.386031746031746
4940,6111105,a1b,7.386031746031746,7.54172335600907
4941,6111105,e0ta4m,7.54172335600907,7.7653968253968255
4942,6111105,s'i1 jcha0s,7.7653968253968255,8.181904761904763
4943,6111105,na0da4,8.181904761904763,8.476507936507936
4944,6111105,du0ma4t',8.476507936507936,8.879591836734694
4945,6222216,v'i0t'a4,0.0,0.353015873015873
4946,6222216,ja0,0.353015873015873,0.5191383219954648
4947,6222216,pa2n'i1ma0 ju4,0.5191383219954648,1.1030385487528345
4948,6333327,pra1s't'i0,0.0,0.43174603174603177
4949,6333327,m'i1n'a0,0.43174603174603177,0.7550113378684807
4950,6333327,ska1za0la4,0.7550113378684807,1.2494331065759636
4951,6333327,l'e0na4,1.2494331065759636,1.5125170068027212
4952,6333327,s,1.5125170068027212,1.629795918367347
4953,6333327,u1s'i0l'i4 ji4m,1.629795918367347,2.1897959183673468
4954,6444438,no0,0.0,0.34435374149659864
4955,6444438,,0.34435374149659864,1.3798185941043084
4956,6444438,o0n,1.3798185941043084,1.5820861678004534
4957,6444438,v'i0d'i4l,1.5820861678004534,1.8653061224489795
4958,6444438,shto1,1.8653061224489795,2.0616780045351475
4959,6444438,je0 j,2.0616780045351475,2.21718820861678
4960,6444438,o0chi4n',2.21718820861678,2.5020861678004533
4961,6444438,tru0dna4,2.5020861678004533,2.894875283446712
4962,6444438,i1,2.894875283446712,2.9914739229024945
4963,6444438,fs'o0ta4k'i4,2.9914739229024945,3.4635374149659865
4964,6444438,a1na0,3.4635374149659865,3.6700680272108843
4965,6444438,da2ga2va1r'i0d,3.6700680272108843,4.18453514739229
4966,6444438,da2,4.18453514739229,4.314104308390022
4967,6444438,ka1nca0,4.314104308390022,4.886757369614513
4968,6444438,,4.886757369614513,5.3599092970521545
4969,6444438,va1p'e0rvy4h,5.3599092970521545,5.845124716553288
4970,6444438,ty0,5.845124716553288,5.974784580498866
4971,6444438,u1zhe0,5.974784580498866,6.16312925170068
4972,6444438,na2chi1na0l,6.16312925170068,6.663718820861678
4973,6444438,e0ta4t,6.663718820861678,6.932290249433106
4974,6444438,ra2zga1vo0r,6.932290249433106,7.39968253968254
4975,6444438,pra0vda4,7.39968253968254,7.760544217687075
4976,6444438,zhy4,7.760544217687075,7.9452154195011335
4977,6555549,mno0ga4,0.0,0.3932426303854875
4978,6555549,ra0s,0.3932426303854875,0.6662585034013605
4979,6555549,na2chi1na0l,0.6662585034013605,1.2301587301587302
4980,6666660,a1,0.0,0.12158730158730159
4981,6666660,va2fta1ry0h,0.12158730158730159,0.5813605442176871
4982,6666660,e0ta4,0.5813605442176871,0.7580045351473923
4983,6666660,nu0zhna4,0.7580045351473923,1.1484807256235827
4984,6666660,fs'e0m,1.1484807256235827,1.4751473922902494
4985,6666660,na0m,1.4751473922902494,1.7937414965986394
4986,6666660,i1,1.7937414965986394,1.9361904761904762
4987,6666660,f,1.9361904761904762,2.0185034013605443
4988,6666660,p'e0rvu4 ju4,2.0185034013605443,2.425668934240363
4989,6666660,o0chi4r'i4t',2.425668934240363,2.8702494331065758
4990,6666660,tva1 je0 j,2.8702494331065758,3.176326530612245
4991,6666660,ma0m'i4,3.176326530612245,3.545487528344671
4992,6777771,v'i0t'ka4,0.0,0.5109297052154195
4993,6777771,ra1dno0j,0.5109297052154195,1.0282086167800453
4994,6777771,mo0j,1.0282086167800453,1.3156009070294785
4995,6777771,,1.3156009070294785,1.4390476190476191
4996,6777771,ja0,1.4390476190476191,1.6370068027210884
4997,6777771,zhy4,1.6370068027210884,1.7462585034013605
4998,6777771,t'i1b'a0,1.7462585034013605,1.9717006802721089
4999,6777771,pa2n'i1ma0j u4,1.9717006802721089,2.5253061224489795
5000,6777771,i1,2.5253061224489795,2.663673469387755
5001,6777771,zha1l'e0j u4,2.663673469387755,3.120544217687075
5002,6777771,ka0k,3.120544217687075,3.3234467120181406
5003,6777771,n'i1kto0,3.3234467120181406,3.8247619047619046
5004,6777771,,3.8247619047619046,4.195646258503402
5005,6777771,ja0,4.195646258503402,4.4694784580498865
5006,6777771,ga2va1r'u0,4.4694784580498865,4.987936507936508
5007,6777771,,4.987936507936508,5.080453514739229
5008,6777771,e0ta4,5.080453514739229,5.402222222222222
5009,6777771,nu0zhna4,5.402222222222222,5.928072562358277
5010,6888882,pa1v'e0r',0.0,0.40984126984126984
5011,6999993,a1na0,0.0,0.2759637188208617
5012,6999993,a1bn'i1la0,0.2759637188208617,0.7174149659863945
5013,6999993,j i1vo0,0.7174149659863945,1.0296145124716554
5014,7111104,ji1jo0,0.0,0.3103401360544218
5015,7111104,ru0k'i4,0.3103401360544218,0.5940136054421769
5016,7111104,st'i0sk'i4va4l'i4,0.5940136054421769,1.214920634920635
5017,7111104,ji1vo0,1.214920634920635,1.4258049886621316
5018,7111104,fs'o0,1.4258049886621316,1.6220861678004534
5019,7111104,s'i1l'n'e0i4,1.6220861678004534,2.2166893424036282
5020,7222215,o0n,0.0,0.25528344671201814
5021,7222215,zna0l,0.25528344671201814,0.7288888888888889
5022,7222215,,0.7288888888888889,0.9769614512471655
5023,7222215,e0ta4,0.9769614512471655,1.2005895691609978
5024,7222215,vn'i1za0pna4j a4,1.2005895691609978,1.8285260770975056
5025,7222215,l'u1bo0f',1.8285260770975056,2.2314739229024942
5026,7222215,n'i1pa1d'e0l'na4,2.2314739229024942,3.1277551020408163
5027,7333326,no1,0.0,0.13963718820861679
5028,7333326,pa1chu0stva4va4l,0.13963718820861679,0.8709750566893424
5029,7333326,ra2zdra1zhe0n'i4 ji4,0.8709750566893424,1.8169614512471655
5030,7333326,,1.8169614512471655,1.9390022675736962
5031,7333326,i1,1.9390022675736962,2.0506122448979593
5032,7333326,a1ta1dv'i0nu4l,2.0506122448979593,2.689387755102041
5033,7333326,l'e0nu4,2.689387755102041,2.9928344671201814
5034,7333326,lo0kt'i4m,2.9928344671201814,3.524716553287982
5035,7444437,ty0,0.0,0.13714285714285715
5036,7444437,n'i1,0.13714285714285715,0.24979591836734694
5037,7444437,da1lzhna0,0.24979591836734694,0.6700226757369615
5038,7444437,by1la0,0.6700226757369615,0.9978231292517007
5039,7444437,s'i1 jcha0s,0.9978231292517007,1.4863492063492063
5040,7444437,na2chi1na0t',1.4863492063492063,2.097687074829932
5041,7444437,,2.097687074829932,2.3892063492063493
5042,7444437,pa2fta1r'i0l,2.3892063492063493,2.8894331065759635
5043,7444437,o0n,2.8894331065759635,3.01124716553288
5044,7444437,u1gr'u0ma4,3.01124716553288,3.510068027210884
5045,7555548,nu1,0.0,0.13687074829931972
5046,7555548,ha2ra1sho0,0.13687074829931972,0.6814965986394558
5047,7555548,nu1,0.6814965986394558,0.8952834467120181
5048,7555548,i1zv'i1n'i0,0.8952834467120181,1.3314285714285714
5049,7555548,m'i1n'a0,1.3314285714285714,1.7459863945578231
5050,7666659,no1,0.0,0.10163265306122449
5051,7666659,ja0,0.10163265306122449,0.238140589569161
5052,7666659,zhy4,0.238140589569161,0.36435374149659866
5053,7666659,za1bo0chu4s',0.36435374149659866,0.9239455782312925
5054,7666659,n'i1,0.9239455782312925,1.0652154195011339
5055,7666659,a1,1.0652154195011339,1.1691156462585035
5056,7666659,s'i1b'e0,1.1691156462585035,1.612562358276644
5057,7666659,pra0vda4,1.612562358276644,2.064263038548753
5058,7666659,zhy4,2.064263038548753,2.3259410430839003
5059,7777770,za2ma1lchi0,0.0,0.8931065759637188
5060,7777770,,0.8931065759637188,1.060045351473923
5061,7777770,pa1cht'i0,1.060045351473923,1.4845351473922903
5062,7777770,kr'i0knu4l,1.4845351473922903,1.946530612244898
5063,7777770,o0n,1.946530612244898,2.1005442176870748
5064,7777770,sho0pa4ta4m,2.1005442176870748,2.783764172335601
5065,7888881,l'e0na4,0.0,0.29546485260770977
5066,7888881,a1ta1shla0,0.29546485260770977,0.7271201814058957
5067,7888881,k,0.7271201814058957,0.7988662131519274
5068,7888881,ta1ht'e0,0.7988662131519274,1.3092970521541951
5069,7888881,i1,1.3092970521541951,1.4757823129251701
5070,7888881,pra2da1lzha0la4,1.4757823129251701,2.077233560090703
5071,7888881,ra1skla0dy4va4t',2.077233560090703,2.7151473922902496
5072,7888881,pa1s't'e0l',2.7151473922902496,3.1532879818594104
5073,7888881,mo0lcha4,3.1532879818594104,3.6966893424036282
5074,7999992,a1na0,0.0,0.27546485260770975
5075,7999992,vy0nu4la4,0.27546485260770975,0.6668480725623582
5076,7999992,i1z,0.6668480725623582,0.8275283446712018
5077,7999992,ja0sci4ka4,0.8275283446712018,1.2904308390022676
5078,7999992,sta1 ja0fshy4va4,1.2904308390022676,1.9235827664399092
5079,7999992,v,1.9235827664399092,1.9974603174603174
5080,7999992,ga2la1va0h,1.9974603174603174,2.4634013605442178
5081,7999992,ta1hty0,2.4634013605442178,2.973514739229025
5082,7999992,,2.973514739229025,3.282721088435374
5083,7999992,to0lstu4 ju4,3.282721088435374,3.782721088435374
5084,7999992,kl'e0chi4tu4 ju4,3.782721088435374,4.338730158730159
5085,7999992,ska0t'i4rt',4.338730158730159,4.944081632653061
5086,7999992,,4.944081632653061,5.1735600907029475
5087,7999992,slu1zhy0fshu4 ju4,5.1735600907029475,5.740408163265307
5088,7999992,a1by1kna1v'e0na4,5.740408163265307,6.338548752834467
5089,7999992,pa1tkla0tka4 j,6.338548752834467,7.024897959183673
5090,7999992,pa2t,7.024897959183673,7.20498866213152
5091,7999992,pra2sty1n'u0,7.20498866213152,7.821678004535148
5092,7999992,,7.821678004535148,8.100272108843537
5093,7999992,no1,8.100272108843537,8.290929705215419
5094,7999992,i1na1gda0,8.290929705215419,8.724036281179139
5095,7999992,pr'i1m'i1n'a0fshu4 ju4s'a4,8.724036281179139,9.584308390022676
5096,7999992,i1,9.584308390022676,9.692244897959183
5097,7999992,pa2,9.692244897959183,9.807120181405896
5098,7999992,sva2i1mu0,9.807120181405896,10.207210884353742
5099,7999992,pr'i1mo0mu4,10.207210884353742,10.68766439909297
5100,7999992,na2zna1che0n'i4 ju4,10.68766439909297,11.44013605442177
5101,7999992,,11.44013605442177,11.682630385487528
5102,7999992,dl'a2,11.682630385487528,11.89764172335601
5103,7999992,a1b'e0d'i4na4va4,11.89764172335601,12.443174603174603
5104,7999992,sta1la0,12.443174603174603,12.92294784580499
5105,7999992,,12.92294784580499,13.274240362811792
5106,7999992,na1,13.274240362811792,13.432426303854875
5107,7999992,ska0t'i4rt',13.432426303854875,13.872743764172336
5108,7999992,pa2la1zhy0la4,13.872743764172336,14.34013605442177
5109,7999992,pra2sty1n'u0,14.34013605442177,15.031065759637189
5110,7999992,,15.031065759637189,15.285714285714286
5111,7999992,ka1to0ra4 ja4,15.285714285714286,15.71827664399093
5112,7999992,vzdu0la4s',15.71827664399093,16.289614512471655
5113,7999992,i1,16.289614512471655,16.422403628117912
5114,7999992,l'i1gla0,16.422403628117912,16.758412698412698
5115,7999992,n'i1,16.758412698412698,16.92263038548753
5116,7999992,o0chi4n',16.92263038548753,17.272517006802723
5117,7999992,ro0vna4,17.272517006802723,17.729478458049886
5118,7999992,,17.729478458049886,17.995510204081633
5119,7999992,i1,17.995510204081633,18.157097505668933
5120,7999992,l'e0na4,18.157097505668933,18.433151927437642
5121,7999992,na1gnu0la4s',18.433151927437642,18.9837641723356
5122,7999992,vy1t'a0g'i4va4 ja4,18.9837641723356,19.5643537414966
5123,7999992,fp'i1r'o0t,19.5643537414966,19.95873015873016
5124,7999992,ru0k'i4,19.95873015873016,20.2659410430839
5125,7999992,shto0by4,20.2659410430839,20.547392290249434
5126,7999992,da1sta0t',20.547392290249434,21.106848072562357
5127,7999992,da1,21.106848072562357,21.459455782312926
5128,7999992,da0l'n'i4va4,21.459455782312926,22.01260770975057
5129,7999992,kra0 ja4,22.01260770975057,22.35859410430839
5130,7999992,ta1hty0,22.35859410430839,22.863582766439908
5131,7999992,,22.863582766439908,23.2459410430839
5132,7999992,l'i1co0,23.2459410430839,23.681768707482995
5133,7999992,ji1jo0,23.681768707482995,23.967845804988663
5134,7999992,pr'i1,23.967845804988663,24.15519274376417
5135,7999992,e0ta4m,24.15519274376417,24.43124716553288
5136,7999992,mgna1v'e0na4,24.43124716553288,25.123401360544218
5137,7999992,na2l'i1lo0s',25.123401360544218,25.55827664399093
5138,7999992,kra0ska4 j,25.55827664399093,26.152154195011338
5139,7999992,,26.152154195011338,26.406984126984128
5140,7999992,a1,26.406984126984128,26.578095238095237
5141,7999992,zhy1vo0t,26.578095238095237,27.011927437641724
5142,7999992,n'i0ska4,27.011927437641724,27.468344671201812
5143,7999992,pra1v'i0s,27.468344671201812,27.95764172335601
5144,7999992,y1,27.95764172335601,28.101904761904763
5145,7999992,pa2ka1za0ls'a4,28.101904761904763,28.718367346938777
5146,7999992,dm'i0tr'i4j i4vu4,28.718367346938777,29.340453514739227
5147,7999992,o0chi4n',29.340453514739227,29.757278911564626
5148,7999992,ba1l'shy0m,29.757278911564626,30.36027210884354
5149,7999992,,30.36027210884354,30.758367346938776
5150,7999992,i1,30.758367346938776,30.899818594104307
5151,7999992,ra1spra0v'i4la4,30.899818594104307,31.46748299319728
5152,7999992,za2v'i1rnu0fshy4j i4s'a4,31.46748299319728,32.281768707482996
5153,7999992,u1gly0,32.281768707482996,32.73614512471655
5154,7999992,,32.73614512471655,33.01591836734694
5155,7999992,ka1gda0,33.01591836734694,33.32961451247166
5156,7999992,st'i1l'i0l,33.32961451247166,33.71546485260771
5157,7999992,dm'i0tr'i4j i4f,33.71546485260771,34.2395918367347
5158,7999992,o0n,34.2395918367347,34.33854875283447
5159,7999992,n'i1ka1gda0,34.33854875283447,34.78952380952381
5160,7999992,n'i1,34.78952380952381,34.89532879818594
5161,7999992,ra2spra1vl'a0l,34.89532879818594,35.482630385487525
5162,7999992,u1glo0f,35.482630385487525,35.89764172335601
5163,7999992,,35.89764172335601,36.403945578231294
5164,7999992,pa1to0m,36.403945578231294,36.756462585034015
5165,7999992,bro0s'i4la4,36.756462585034015,37.21383219954649
5166,7999992,na2,37.21383219954649,37.31587301587302
5167,7999992,pra2sty1n'u0,37.31587301587302,37.87637188208617
5168,7999992,k,37.87637188208617,37.9790022675737
5169,7999992,ja0sci4ku4,37.9790022675737,38.49106575963719
5170,7999992,dv'e0,38.49106575963719,38.71827664399093
5171,7999992,pa1du0shk'i4,38.71827664399093,39.3469387755102
5172,7999992,,39.3469387755102,39.682766439909294
5173,7999992,a1dna0,39.682766439909294,39.974875283446714
5174,7999992,i1s,39.974875283446714,40.11011337868481
5175,7999992,ka1to0ry4H,40.11011337868481,40.551473922902495
5176,7999992,by1la0,40.551473922902495,40.80489795918368
5177,7999992,s,40.80489795918368,40.915510204081635
5178,7999992,m'e0n'i4j i4,40.915510204081635,41.320136054421766
5179,7999992,sv'e0zhy4 j,41.320136054421766,41.77378684807256
5180,7999992,na0va4la4chka4 j,41.77378684807256,42.50621315192744
5181,7999992,,42.50621315192744,42.90467120181406
5182,7999992,e0ta4,42.90467120181406,43.090204081632656
5183,7999992,pa1du0shka4,43.090204081632656,43.489387755102044
5184,7999992,pr'i1na2dl'i1zha0la4,43.489387755102044,44.17442176870748
5185,7999992,dm'i0tr'i4j i4vu4,44.17442176870748,44.92408163265306
5186,8111103,vy0t'i4nu4f,0.0,0.48235827664399095
5187,8111103,y1z,0.48235827664399095,0.6504308390022676
5188,8111103,ja0sci4ka4,0.6504308390022676,1.2286167800453516
5189,8111103,i1,1.2286167800453516,1.4203174603174604
5190,8111103,kla1d'a0,1.4203174603174604,1.8117460317460317
5191,8111103,na2,1.8117460317460317,1.9190476190476191
5192,8111103,ta1htu0,1.9190476190476191,2.333877551020408
5193,8111103,dva0,2.333877551020408,2.6389115646258503
5194,8111103,va0tny4h,2.6389115646258503,3.091292517006803
5195,8111103,a1d'i1ja0la4,3.091292517006803,3.637777777777778
5196,8111103,,3.637777777777778,3.989251700680272
5197,8111103,l'e0na4,3.989251700680272,4.400136054421769
5198,8111103,ska1za0la4,4.400136054421769,4.9045351473922905
5199,8111103,dra1zha0sci4m,4.9045351473922905,5.560272108843537
5200,8111103,go0la4sa4m,5.560272108843537,6.161678004535148
5201,8111103,,6.161678004535148,6.750702947845805
5202,8111103,ty0,6.750702947845805,6.890566893424037
5203,8111103,m'i1n'a0,6.890566893424037,7.162222222222222
5204,8111103,ka0g,7.162222222222222,7.36421768707483
5205,8111103,bu0ta4,7.36421768707483,7.658004535147392
5206,8111103,a1bv'i1n'a0 ji4zh,7.658004535147392,8.297551020408163
5207,8111103,v,8.297551020408163,8.34390022675737
5208,8111103,b'i1sta0ktna4s't'i4,8.34390022675737,9.250702947845806
5209,8111103,,9.250702947845806,9.705170068027211
5210,8111103,no1,9.705170068027211,9.876281179138322
5211,8111103,che0sna4 ji4,9.876281179138322,10.308480725623582
5212,8111103,slo0va4,10.308480725623582,10.754875283446712
5213,8111103,v'i0t'a4,10.754875283446712,11.182766439909297
5214,8111103,,11.182766439909297,11.510294784580498
5215,8111103,ja0,11.510294784580498,11.730521541950113
5216,8111103,d'i1 jstv'i0t'i4l'na4,11.730521541950113,12.314467120181407
5217,8111103,du0ma4la4,12.314467120181407,12.724399092970522
5218,8111103,a1ba1,12.724399092970522,12.910975056689342
5219,8111103,fs'e0h,12.910975056689342,13.21514739229025
5220,8111103,na0s,13.21514739229025,13.57705215419501
5221,8222214,a1,0.0,0.13700680272108842
5222,8222214,bu0du4sci4m,0.13700680272108842,0.6103401360544217
5223,8222214,na1ta0shk'i4,0.6103401360544217,1.3072108843537416
5224,8333325,da0,0.0,0.10997732426303855
5225,8333325,ka0k,0.10997732426303855,0.3256689342403628
5226,8333325,ty0,0.3256689342403628,0.4526984126984127
5227,8333325,mo0zhy4sh,0.4526984126984127,0.9792743764172336
5228,8444436,shto0,0.0,0.4123809523809524
5229,8555547,ka0k,0.0,0.27197278911564626
5230,8555547,ty0,0.27197278911564626,0.40829931972789113
5231,8555547,mo0zhy4sh,0.40829931972789113,0.8638095238095238
5232,8555547,va2a1psce0,0.8638095238095238,1.296326530612245
5233,8555547,ga2va1r'i0t',1.296326530612245,1.7678004535147391
5234,8555547,a1b,1.7678004535147391,1.9078004535147393
5235,8555547,e0ta4m,1.9078004535147393,2.1451700680272108
5236,8555547,s'i1 jcha0s,2.1451700680272108,2.726938775510204
5237,8666658,ka0k,0.0,0.23664399092970523
5238,8666658,u1,0.23664399092970523,0.29777777777777775
5239,8666658,t'i1b'a0,0.29777777777777775,0.5780045351473923
5240,8666658,ji1zy0k,0.5780045351473923,0.9157369614512472
5241,8666658,pa2va1ra0chi4va4 ji4ca4,0.9157369614512472,1.791111111111111
5242,8777769,vo0t,0.0,0.26834467120181404
5243,8777769,shto1,0.26834467120181404,0.4085714285714286
5244,8777769,m'i1n'a0,0.4085714285714286,0.6979591836734694
5245,8777769,i1zu1ml'a0 ji4t,0.6979591836734694,1.3103854875283447
5246,8777769,,1.3103854875283447,2.059954648526077
5247,8777769,o0n,2.059954648526077,2.2505215419501132
5248,8777769,chu0stva4va4l,2.2505215419501132,2.836689342403628
5249,8777769,shto1,2.836689342403628,3.0169614512471656
5250,8777769,ra2zdra1zhe0n'i4 ji4,3.0169614512471656,3.7877551020408164
5251,8777769,ra1s't'o0t,3.7877551020408164,4.24
5252,8777769,y1,4.24,4.388480725623583
5253,8777769,rv'o0ca4,4.388480725623583,4.840952380952381
5254,8777769,na1,4.840952380952381,5.007936507936508
5255,8777769,vo0l'u4,5.007936507936508,5.4189115646258506
5256,8888880,je0j,0.0,0.21736961451247166
5257,8888880,bo0gu4,0.21736961451247166,0.5234467120181406
5258,8888880,f,0.5234467120181406,0.5840362811791383
5259,8888880,t'i1b'e0,0.5840362811791383,0.8340136054421768
5260,8888880,je0s't',0.8340136054421768,1.0490249433106575
5261,8888880,ka1ko0jta4,1.0490249433106575,1.446984126984127
5262,8888880,du1she0vny4j,1.446984126984127,2.0405895691609977
5263,8888880,d'i1f'e0kt,2.0405895691609977,2.641269841269841
5264,8999991,ka1ka0 ji4ta4,0.0,0.46049886621315195
5265,8999991,n'i1da1ra0zv'i4ta4s't',0.46049886621315195,1.3671655328798187
5266,8999991,chu0stf,1.3671655328798187,1.837233560090703
5267,9111102,shto0ta4,0.0,0.31369614512471655
5268,9111102,pra1s't'i0,0.31369614512471655,0.7166439909297052
5269,9111102,m'i1n'a0,0.7166439909297052,1.0564625850340137
5270,9111102,n'i1da2chi1la1v'e0chi4ska4 ji4,1.0564625850340137,2.410975056689342
5271,9222213,ka0g,0.0,0.24294784580498865
5272,9222213,zhy4,0.24294784580498865,0.37555555555555553
5273,9222213,mo0zhna4,0.37555555555555553,0.8638095238095238
5274,9333324,d'e0la4,0.0,0.2531519274376417
5275,9333324,f,0.2531519274376417,0.31015873015873013
5276,9333324,to0m,0.31015873015873013,0.46512471655328796
5277,9333324,shto1,0.46512471655328796,0.6416780045351473
5278,9333324,ba1l'na0,0.6416780045351473,0.9922902494331066
5279,9333324,ma1ja0,0.9922902494331066,1.368390022675737
5280,9333324,ma0t',1.368390022675737,1.616281179138322
5281,9333324,a1,1.616281179138322,1.6965986394557824
5282,9333324,n'i1,1.6965986394557824,1.801360544217687
5283,9333324,tva1ja0,1.801360544217687,2.1556462585034013
5284,9333324,pra0vda4,2.1556462585034013,2.50984126984127
5285,9333324,v'i4t',2.50984126984127,2.753015873015873
5286,9444435,i1,0.0,0.12172335600907029
5287,9444435,na2,0.12172335600907029,0.2341950113378685
5288,9444435,tva1jo0m,0.2341950113378685,0.7112018140589569
5289,9444435,by4,0.7112018140589569,0.818140589569161
5290,9444435,m'e0s't'i4,0.818140589569161,1.3259410430839003
5291,9555546,ga2va1r'i0,0.0,0.3143310657596372
5292,9555546,t'i0shy4,0.3143310657596372,0.6923809523809524
5293,9666657,na2,0.0,0.10975056689342404
5294,9666657,tva1jo0m,0.10975056689342404,0.5839909297052154
5295,9666657,by4,0.5839909297052154,0.6717460317460318
5296,9666657,m'e0s't'i4,0.6717460317460318,1.2419501133786848
5297,9666657,,1.2419501133786848,1.3744671201814058
5298,9666657,ja0,1.3744671201814058,1.5643537414965987
5299,9666657,n'i1ka1gda0,1.5643537414965987,2.08702947845805
5300,9666657,p'e0rvy4 j,2.08702947845805,2.612562358276644
5301,9777768,t'i0ha4,0.0,0.5838095238095238
5302,9888879,a1na0,0.0,0.22834467120181406
5303,9888879,ma1hnu0la4,0.22834467120181406,0.6872562358276644
5304,9888879,ru1ko0j,0.6872562358276644,1.084625850340136
5305,9999990,o0ba4,0.0,0.24340136054421768
5306,9999990,pr'i1slu0sha4l'i4s',0.24340136054421768,1.062857142857143
5307,10111101,n'e0t,0.0,0.24603174603174602
5308,10111101,fs'o0,0.24603174603174602,0.4509750566893424
5309,10111101,by0la4,0.4509750566893424,0.6885714285714286
5310,10111101,t'i0ha4,0.6885714285714286,1.1160090702947847
5311,10222212,do0chka4,0.0,0.3329705215419501
5312,10222212,spa1la0,0.3329705215419501,0.7338775510204082
5313,10222212,za1,0.7338775510204082,0.8704761904761905
5314,10222212,shy0rma4 j,0.8704761904761905,1.2426303854875282
5315,10222212,v,1.2426303854875282,1.311156462585034
5316,10222212,u1glu0,1.311156462585034,1.7073469387755102
5317,10333323,ta0m,0.0,0.26657596371882086
5318,10333323,zhy4,0.26657596371882086,0.40453514739229024
5319,10333323,za1,0.40453514739229024,0.5624943310657596
5320,10333323,shy0rma4j,0.5624943310657596,0.9977777777777778
5321,10333323,sta1ja0l,0.9977777777777778,1.356734693877551
5322,10333323,ji1jo0,1.356734693877551,1.6003628117913833
5323,10333323,p'i0s'm'i4ny4 j,1.6003628117913833,2.1248979591836736
5324,10333323,sto0l'i4k,2.1248979591836736,2.606893424036281
5325,10333323,,2.606893424036281,2.9393197278911565
5326,10333323,za2,2.9393197278911565,3.1048072562358278
5327,10333323,ka1to0ry4m,3.1048072562358278,3.4629024943310656
5328,10333323,v'i1chi1ra0m'i4,3.4629024943310656,3.992244897959184
5329,10333323,a1na0,3.992244897959184,4.162766439909297
5330,10333323,ga1to0v'i4la4,4.162766439909297,4.667392290249433
5331,10333323,u1ro0k'i4,4.667392290249433,5.117052154195012
5332,10444434,dm'i0tr'i4j i4f,0.0,0.5242630385487528
5333,10444434,sma2s't'i1r'i0l,0.5242630385487528,1.1308843537414965
5334,10444434,y1,1.1308843537414965,1.1970521541950114
5335,10444434,pa1v'e0s'i4l,1.1970521541950114,1.6599092970521543
5336,10444434,na1t,1.6599092970521543,1.8575056689342404
5337,10444434,sto0l'i4ka4m,1.8575056689342404,2.3292063492063493
5338,10444434,po0lku4,2.3292063492063493,2.7313378684807255
5339,10444434,dl'a1,2.7313378684807255,2.932517006802721
5340,10444434,kn'i0k,2.932517006802721,3.380997732426304
5341,10444434,,3.380997732426304,3.7314285714285713
5342,10444434,pra1v'o0l,3.7314285714285713,4.097324263038549
5343,10444434,tu1da0,4.097324263038549,4.371655328798186
5344,10444434,i1l'i1ktr'i0chi4stva4,4.371655328798186,5.146122448979592
5345,10444434,dl'a2,5.146122448979592,5.2877097505668935
5346,10444434,na1sto0l'na4 j,5.2877097505668935,5.845804988662132
5347,10444434,la0mpy4,5.845804988662132,6.394331065759637
5348,10444434,,6.394331065759637,6.79546485260771
5349,10444434,zd'e0la4l,6.79546485260771,7.249251700680272
5350,10444434,za1,7.249251700680272,7.422993197278911
5351,10444434,shy0rma4j,7.422993197278911,7.8736961451247165
5352,10444434,,7.8736961451247165,7.951383219954648
5353,10444434,a1so0bu4j u4,7.951383219954648,8.454285714285714
5354,10444434,ko0mna4tku4,8.454285714285714,9.143219954648526
5355,10444434,,9.143219954648526,9.502857142857144
5356,10444434,a1d'i1no0chku4,9.502857142857144,10.237596371882086
5357,10444434,,10.237596371882086,10.34281179138322
5358,10444434,ka0k,10.34281179138322,10.57750566893424
5359,10444434,na2zy1va0l'i4,10.57750566893424,11.061224489795919
5360,10444434,j i1jo0,11.061224489795919,11.294149659863946
5361,10444434,f,11.294149659863946,11.351383219954648
5362,10444434,s'i1m'je0,11.351383219954648,11.76235827664399
5363,10555545,dm'i0tr'i4j i4f,0.0,0.5845804988662131
5364,10555545,y1,0.5845804988662131,0.6619501133786848
5365,10555545,l'e0na4,0.6619501133786848,1.0760090702947847
5366,10555545,,1.0760090702947847,1.302312925170068
5367,10555545,spa0l'i4,1.302312925170068,1.6851247165532879
5368,10555545,na2,1.6851247165532879,1.8024943310657597
5369,10555545,shy1ro0ka4 j,1.8024943310657597,2.2648526077097504
5370,10555545,ta1ht'e0,2.2648526077097504,2.6834920634920634
5371,10555545,chi1ha2sla1va0cka4va4,2.6834920634920634,3.5370521541950115
5372,10555545,pra2i1zvo0ctva4,3.5370521541950115,4.319274376417233
5373,10555545,,4.319274376417233,4.684399092970522
5374,10555545,u1da0chna4,4.684399092970522,5.188163265306122
5375,10555545,ku0pl'i4na4j,5.188163265306122,5.666621315192744
5376,10555545,tr'i0,5.666621315192744,5.879002267573696
5377,10555545,go0da4,5.879002267573696,6.197687074829932
5378,10555545,na1za0t,6.197687074829932,6.6853968253968254
5379,10555545,,6.6853968253968254,7.13297052154195
5380,10555545,i1,7.13297052154195,7.234285714285714
5381,10555545,ji1vl'a0fshy4js'a4,7.234285714285714,7.916825396825397
5382,10555545,pr'i1dm'e0ta4m,7.916825396825397,8.49265306122449
5383,10555545,za0v'i4s't'i4,8.49265306122449,9.028208616780045
5384,10555545,zna1ko0my4h,9.028208616780045,9.703174603174602
5385,10666656,ta1hta0,0.0,0.37482993197278913
5386,10666656,sta1ja0la4,0.37482993197278913,0.825124716553288
5387,10666656,u1,0.825124716553288,0.9006349206349207
5388,10666656,a1kna0,0.9006349206349207,1.3560544217687074
5389,10666656,,1.3560544217687074,1.8489342403628117
5390,10666656,ji1jo0,1.8489342403628117,2.117052154195011
5391,10666656,a1d'i1l'a0l,2.117052154195011,2.634467120181406
5392,10666656,a1t,2.634467120181406,2.8643537414965987
5393,10666656,a1d'i1no0chk'i4,2.8643537414965987,3.5784126984126985
5394,10666656,,3.5784126984126985,3.7087528344671203
5395,10666656,du1bo0vy4j,3.7087528344671203,4.3796371882086165
5396,10666656,s,4.3796371882086165,4.522131519274376
5397,10666656,r'i1zny0m'i4,4.522131519274376,4.955555555555556
5398,10666656,u1kra1she0n'i4j i4m'i4,4.955555555555556,5.721587301587301
5399,10666656,bu1f'e0t,5.721587301587301,6.222312925170068
5400,10666656,,6.222312925170068,6.631383219954649
5401,10666656,da1sta0fshy4 js'a4,6.631383219954649,7.362993197278912
5402,10666656,l'e0n'i4,7.362993197278912,7.705079365079365
5403,10666656,v,7.705079365079365,7.77578231292517
5404,10666656,na1sl'e0ctva4,7.77578231292517,8.434965986394557
5405,10666656,a1d,8.434965986394557,8.533378684807257
5406,10666656,ba0bu4shk'i4,8.533378684807257,9.137233560090703
5407,10666656,,9.137233560090703,9.50390022675737
5408,10666656,v'e0sc,9.50390022675737,9.841995464852607
5409,10666656,n'i1l'e0pa4j a4,9.841995464852607,10.453378684807257
5410,10666656,,10.453378684807257,10.67578231292517
5411,10666656,ka1to0ru4j u4,10.67578231292517,11.119591836734694
5412,10666656,dm'i0tr'i4j i4f,11.119591836734694,11.702630385487529
5413,10666656,mno0ga4,11.702630385487529,12.15219954648526
5414,10666656,ra0s,12.15219954648526,12.423174603174603
5415,10666656,pr'i1dla1ga0l,12.423174603174603,12.971927437641723
5416,10666656,pra1da0t',12.971927437641723,13.530929705215419
5417,10666656,,13.530929705215419,14.087482993197279
5418,10666656,l'e0na4,14.087482993197279,14.370793650793651
5419,10666656,to0zhy4,14.370793650793651,14.711292517006802
5420,10666656,by1la0,14.711292517006802,14.982448979591837
5421,10666656,n'i1,14.982448979591837,15.096598639455783
5422,10666656,pro0t'i4f,15.096598639455783,15.526439909297052
5423,10666656,,15.526439909297052,15.935011337868481
5424,10666656,no1,15.935011337868481,16.09374149659864
5425,10666656,va2zra1zha0la4,16.09374149659864,16.71628117913832
5426,10666656,t'o0sca4,16.71628117913832,17.261950113378685
5427,10777767,v'e0ra4,0.0,0.32099773242630386
5428,10777767,la0za4r'i4vna4,0.32099773242630386,0.9424943310657596
5429,10777767,,0.9424943310657596,1.1029024943310657
5430,10777767,zhy1la0,1.1029024943310657,1.3756916099773242
5431,10777767,n'i1da2l'i1ko0,1.3756916099773242,2.016734693877551
5432,10777767,,2.016734693877551,2.1586848072562357
5433,10777767,chi1r'i1z,2.1586848072562357,2.5081632653061225
5434,10777767,dva0,2.5081632653061225,2.7095238095238097
5435,10777767,do0ma4,2.7095238095238097,3.084580498866213
5436,10777767,,3.084580498866213,3.483401360544218
5437,10777767,i1,3.483401360544218,3.594920634920635
5438,10777767,pr'i1ha1d'i0la4,3.594920634920635,4.191337868480725
5439,10777767,k,4.191337868480725,4.263945578231293
5440,10777767,l'e0n'i4,4.263945578231293,4.53546485260771
5441,10777767,pa1cht'i0,4.53546485260771,4.943492063492063
5442,10777767,j i1zhy1dn'e0vna4,4.943492063492063,5.596870748299319
5443,10777767,pa2t,5.596870748299319,5.793197278911564
5444,10777767,pr'i1dlo0ga4m,5.793197278911564,6.558321995464852
5445,10777767,pa1mo0ch,6.558321995464852,7.151428571428571
5446,10777767,na1ta0shy4n'k'i4,7.151428571428571,7.944671201814059
5447,10777767,,7.944671201814059,8.246167800453515
5448,10777767,i1,8.246167800453515,8.373015873015873
5449,10777767,a1bl'i1hchi0t',8.373015873015873,8.945351473922903
5450,10777767,l'i1nu0s'i4,8.945351473922903,9.515555555555556
5451,10777767,,9.515555555555556,9.885804988662132
5452,10777767,a1,9.885804988662132,9.991156462585034
5453,10777767,na1,9.991156462585034,10.11732426303855
5454,10777767,sa0ma4m,10.11732426303855,10.408888888888889
5455,10777767,d'e0l'i4,10.408888888888889,10.672380952380953
5456,10777767,s,10.672380952380953,10.792154195011339
5457,10777767,ji1d'i0nstv'i4na4 j,10.792154195011339,11.48281179138322
5458,10777767,ce0l'ju4,11.48281179138322,11.941224489795918
5459,10777767,,11.941224489795918,12.279863945578231
5460,10777767,b'i1spa1rdo0na4,12.279863945578231,13.192789115646258
5461,10777767,vm'e0shy4va4ca4,13.192789115646258,13.934965986394557
5462,10777767,f,13.934965986394557,13.999410430839003
5463,10777767,chu1zhu0j u4,13.999410430839003,14.441859410430839
5464,10777767,zhy0z'n',14.441859410430839,14.86172335600907
5465,10888878,v'i1chi1ra0m'i4,0.0,0.7456235827664399
5466,10888878,,0.7456235827664399,1.0086621315192743
5467,10888878,la1zha0s',1.0086621315192743,1.4955555555555555
5468,10888878,na2,1.4955555555555555,1.5989115646258503
5469,10888878,sva1jo0,1.5989115646258503,1.9398185941043085
5470,10888878,che0shska4j i4,1.9398185941043085,2.5819047619047617
5471,10888878,lo0zhy4,2.5819047619047617,3.00108843537415
5472,10888878,,3.00108843537415,3.457777777777778
5473,10888878,a1ka1za0fshy4j i4s'a4,3.457777777777778,4.210521541950113
5474,10888878,n'i1,4.210521541950113,4.396462585034014
5475,10888878,o0chi4n',4.396462585034014,4.7057142857142855
5476,10888878,to0,4.7057142857142855,4.818866213151927
5477,10888878,pro0chny4m,4.818866213151927,5.334195011337869
5478,10888878,,5.334195011337869,5.619410430839002
5479,10888878,fsko0r'i4,5.619410430839002,5.960725623582767
5480,10888878,a1no0,5.960725623582767,6.146621315192744
5481,10888878,ra2sha1ta0la4s',6.146621315192744,6.893424036281179
5482,10888878,i1,6.893424036281179,7.014285714285714
5483,10888878,skr'i1p'e0la4,7.014285714285714,7.615192743764172
5484,10888878,pr'i1,7.615192743764172,7.783945578231292
5485,10888878,ka0zhda4m,7.783945578231292,8.211473922902494
5486,10888878,dv'i1zhe0n'i4i4,8.211473922902494,8.83047619047619
5487,10888878,,8.83047619047619,9.420045351473924
5488,10888878,dm'i0tr'i4j i4f,9.420045351473924,9.992471655328798
5489,10888878,y1,9.992471655328798,10.06938775510204
5490,10888878,l'e0na4,10.06938775510204,10.359092970521543
5491,10888878,fs'i1gda0,10.359092970521543,10.705850340136054
5492,10888878,do0lga4,10.705850340136054,11.062494331065759
5493,10888878,pr'i1slu0shy4va4l'i4z',11.062494331065759,11.8459410430839
5494,10888878,g,11.8459410430839,11.911383219954649
5495,10888878,zvu0ka4m,11.911383219954649,12.478367346938775
5496,10888878,,12.478367346938775,12.800952380952381
5497,10888878,da2na1s'i0fshy4ms'a4,12.800952380952381,13.624172335600907
5498,10888878,i1z,13.624172335600907,13.726757369614512
5499,10888878,a1d'i1no0chk'i4,13.726757369614512,14.404263038548752
5500,10888878,,14.404263038548752,14.712426303854876
5501,10888878,sta1ra0j i4s',14.712426303854876,15.189297052154195
5502,10888878,pa1n'a0t',15.189297052154195,15.610566893424036
5503,10888878,,15.610566893424036,15.943310657596372
5504,10888878,za1snu0la4,15.943310657596372,16.512743764172335
5505,10888878,do0chka4,16.512743764172335,16.9031746031746
5506,10888878,i0l'i4,16.9031746031746,17.15233560090703
5507,10888878,n'e0t,17.15233560090703,17.475374149659864
5508,10888878,,17.475374149659864,18.18285714285714
5509,10888878,dm'i0tr'i4j i4v,18.18285714285714,18.672290249433107
5510,10888878,zva0l,18.672290249433107,19.057868480725624
5511,10888878,pra2v'i1r'a0j a4,19.057868480725624,19.57655328798186
5512,10888878,fpo1lgo0la4sa4,19.57655328798186,20.29528344671202
5513,10888878,,20.29528344671202,20.770566893424036
5514,10888878,na1ta0sh,20.770566893424036,21.30077097505669
5515,10999989,a1,0.0,0.1676190476190476
5516,10999989,na1ta0sh,0.1676190476190476,0.6023129251700681
5517,11111100,l'e0na4,0.0,0.27378684807256237
5518,11111100,pa2tha1d'i0la4,0.27378684807256237,0.827437641723356
5519,11111100,na1,0.827437641723356,0.9807709750566893
5520,11111100,cy0pa4chka4h,0.9807709750566893,1.646031746031746
5521,11111100,,1.646031746031746,1.699954648526077
5522,11111100,i1,1.699954648526077,1.7918820861678004
5523,11111100,sma1tr'e0la4,1.7918820861678004,2.2901133786848074
5524,11111100,skvo0s',2.2901133786848074,2.684625850340136
5525,11111100,,2.684625850340136,2.7463038548752836
5526,11111100,sco0lku4,2.7463038548752836,3.2819954648526077
5527,11111100,f,3.2819954648526077,3.376326530612245
5528,11111100,shy0rm'i4,3.376326530612245,3.8178684807256236
